episode,step,reward,goal_distance,speed_kmh,lane_offset_m,target_speed_kmh,trajectory_points,progress_reward,comfort_penalty,traffic_penalty,path_overlap_penalty,early_lane_crash_penalty,headway_penalty,lane_penalty,idle_penalty,anchor_shape_penalty,action_delta_penalty,ttc_action_reward,forward_headway_m,forward_ttc_s,invalid_creep_penalty,unsafe_commit_penalty,lane_end_urgency_penalty,longitudinal_smooth_penalty,wait_reward,build_speed_reward,commit_reward,lead_gap_m,lead_ttc_s,rear_gap_m,rear_ttc_s,merge_time_current_s,merge_time_target_s,path_valid,justified_waiting,justified_wait_steps,success,crashed,timed_out,stuck
79,0,-0.08600000008940697,72.39385223388672,0.005941720476107914,0.03763073682785034,14.601383954286575,56,0.0,0.006000000089406968,0.0,0.0,0.0,0.0,0.0,0.06,0.0,0.0,0.0,0.0,0.0,0.0,0.0,0.0,0.0,0.0,0.0,0.0,0.0,467.2746000715524,0.0,0.0,0.0,0.0,True,False,0,False,False,False,False
79,1,-0.08514469653367995,72.39385223388672,0.0031306989606658345,0.037624821066856384,16.45527385175228,56,0.0,0.005144696533679962,0.0,0.0,0.0,0.0,0.0,0.06,0.0,0.0,0.0,0.0,0.0,0.0,0.0,0.0,0.0,0.0,0.0,0.0,0.0,463.7479174898634,0.0,0.0,0.0,0.0,True,False,0,False,False,False,False
79,2,-0.0830482929944992,72.39385223388672,0.0061789148641333775,0.03754901885986328,16.381307914853096,56,0.0,0.0030482929944992067,0.0,0.0,0.0,0.0,0.0,0.06,0.0,0.0,0.0,0.0,0.0,0.0,0.0,0.0,0.0,0.0,0.0,0.0,0.0,460.17328316506746,0.0,0.0,0.0,0.0,True,False,0,False,False,False,False
79,3,-0.08304851084947586,72.39385223388672,0.006529973116140407,0.037456318736076355,15.671786516904831,56,0.0,0.0030485108494758607,0.0,0.0,0.0,0.0,0.0,0.06,0.0,0.0,0.0,0.0,0.0,0.0,0.0,0.0,0.0,0.0,0.0,0.0,0.0,456.6022232642558,0.0,0.0,0.0,0.0,True,False,0,False,False,False,False
79,4,-0.08305749654769898,72.39385986328125,0.005762538039220443,0.03736984729766846,19.468790665268898,56,-9.1552734375e-06,0.0030483412742614746,0.0,0.0,0.0,0.0,0.0,0.06,0.0,0.0,0.0,0.0,0.0,0.0,0.0,0.0,0.0,0.0,0.0,0.0,0.0,453.08201711473896,0.0,0.0,0.0,0.0,True,False,0,False,False,False,False
79,5,-0.08304839879274369,72.39385986328125,0.004662741878062509,0.03729751706123352,18.158050440251827,56,0.0,0.003048398792743683,0.0,0.0,0.0,0.0,0.0,0.06,0.0,0.0,0.0,0.0,0.0,0.0,0.0,0.0,0.0,0.0,0.0,0.0,0.0,458.67424252013393,0.0,0.0,0.0,0.0,True,False,0,False,False,False,False
79,6,-0.08304837226867676,72.39385986328125,0.003593840342876076,0.037240952253341675,19.526608362793922,56,0.0,0.003048372268676758,0.0,0.0,0.0,0.0,0.0,0.06,0.0,0.0,0.0,0.0,0.0,0.0,0.0,0.0,0.0,0.0,0.0,0.0,0.0,450.6862649798702,0.0,0.0,0.0,0.0,True,False,0,False,False,False,False
79,7,-0.08304831326007843,72.39385986328125,0.0026649479921429346,0.03719830513000488,17.808968983590603,56,0.0,0.00304831326007843,0.0,0.0,0.0,0.0,0.0,0.06,0.0,0.0,0.0,0.0,0.0,0.0,0.0,0.0,0.0,0.0,0.0,0.0,0.0,447.98828302780504,0.0,0.0,0.0,0.0,True,False,0,False,False,False,False
79,8,-0.08304830491542817,72.39385986328125,0.0008693766835491586,0.037185102701187134,19.1811428591609,56,0.0,0.0030483049154281616,0.0,0.0,0.0,0.0,0.0,0.06,0.0,0.0,0.0,0.0,0.0,0.0,0.0,0.0,0.0,0.0,0.0,0.0,0.0,445.3066062191647,0.0,0.0,0.0,0.0,True,False,0,False,False,False,False
79,9,-0.08304840832948684,72.39385986328125,0.0011728253313363912,0.037169575691223145,17.434165813028812,56,0.0,0.003048408329486847,0.0,0.0,0.0,0.0,0.0,0.06,0.0,0.0,0.0,0.0,0.0,0.0,0.0,0.0,0.0,0.0,0.0,0.0,0.0,442.5234440514883,0.0,0.0,0.0,0.0,True,False,0,False,False,False,False
79,10,-0.016081168353557586,72.38805389404297,2.067392254642009,0.03727255389094353,18.90399355441332,56,0.0069671630859374995,0.0030483314394950866,0.0,0.0,0.0,0.0,0.0,0.0,0.0,0.0,0.0,0.0,0.0,0.0,0.0,0.0,0.0,0.0,0.0,0.0,0.0,46.42184515890663,0.0,0.0,0.0,0.0,True,False,0,False,False,False,False
79,11,0.004911563992500305,72.36468505859375,4.606033805189826,0.037816066294908524,15.012900531291962,56,0.0280426025390625,0.003131038546562195,0.0,0.0,0.0,0.0,0.0,0.0,0.0,0.0,0.0,0.0,0.0,0.0,0.0,0.0,0.0,0.0,0.0,0.0,0.0,22.53917868743975,0.0,0.0,0.0,0.0,True,False,0,False,False,False,False
79,12,0.021274477839469914,72.3276138305664,6.518805980966155,0.039211906492710114,9.721768498420715,56,0.0444854736328125,0.0032109957933425907,0.0,0.0,0.0,0.0,0.0,0.0,0.0,0.0,0.0,0.0,0.0,0.0,0.0,0.0,0.0,0.0,0.0,0.0,0.0,16.105910598789364,0.0,0.0,0.0,0.0,True,False,0,False,False,False,False
79,13,0.03469296663999556,72.27955627441406,8.010431876744606,0.07983937859535217,6.54778853058815,56,0.057669067382812494,0.0029761007428169253,0.0,0.0,0.0,0.0,0.0,0.0,0.0,0.0,0.0,0.0,0.0,0.0,0.0,0.0,0.0,0.0,0.0,0.0,0.0,13.008792365049919,0.0,0.0,0.0,0.0,True,False,0,False,False,False,False
79,14,0.0225296002626419,72.22525787353516,8.687802089002329,0.11119143664836884,1.3603506982326508,56,0.0651580810546875,0.022628480792045595,0.0,0.0,0.0,0.0,0.0,0.0,0.0,0.0,0.0,0.0,0.0,0.0,0.0,0.0,0.0,0.0,0.0,0.0,0.0,11.896807882989219,0.0,0.0,0.0,0.0,True,False,0,False,False,False,False
79,15,0.03542277634143828,72.16867065429688,8.893073357348385,0.14562225341796875,0.0,56,0.0679046630859375,0.012481886744499206,0.0,0.005543935935087734,0.0,0.0,0.0,0.0,0.0,0.0,0.0,0.0,0.0,0.0,0.0,0.0,0.0,0.0,0.0,0.0,0.0,11.554106545239877,0.0,0.0,0.0,0.0,True,False,0,False,False,False,False
79,16,0.035031090974807735,72.11263275146484,8.641063817921204,0.18008752167224884,0.0,56,0.0672454833984375,0.01221439242362976,0.0,0.027451135556288295,0.0,0.0,0.0,0.0,0.0,0.0,0.0,0.0,0.0,0.0,0.0,0.0,0.0,0.0,0.0,0.0,0.0,11.90554741825334,0.0,0.0,0.0,0.0,True,False,0,False,False,False,False
79,17,0.033458689451217646,72.05796813964844,8.445545796893631,0.2136489450931549,0.0,56,0.0655975341796875,0.01213884472846985,0.0,0.04485051814753586,0.0,0.0,0.0,0.0,0.0,0.0,0.0,0.0,0.0,0.0,0.0,0.0,0.0,0.0,0.0,0.0,0.0,12.200001247326044,0.0,0.0,0.0,0.0,True,False,0,False,False,False,False
79,18,0.03102385804057121,72.00547790527344,7.972318431589368,0.0737801343202591,0.0,56,0.06298828125,0.011964423209428789,0.0,0.05495708171565109,0.0,0.0,0.0,0.0,0.0,0.0,0.0,0.0,0.0,0.0,0.0,0.0,0.0,0.0,0.0,0.0,0.0,12.976392198634551,0.0,0.0,0.0,0.0,False,False,0,False,False,False,False
79,19,0.0275249445438385,71.95591735839844,7.6025383228599805,0.08081195503473282,0.0,56,0.05947265625,0.011947711706161499,0.0,0.061865529458113244,0.0,0.0,0.0,0.0,0.0,0.0,0.0,0.0,0.0,0.0,0.0,0.0,0.0,0.0,0.0,0.0,0.0,13.67937671587791,0.0,0.0,0.0,0.0,False,False,0,False,False,False,False
79,20,0.018606663793325418,71.91187286376953,6.969471277497885,0.084996797144413,0.0,56,0.052853393554687496,0.014246729761362077,0.0,0.11568288389880232,0.0,0.0,0.0,0.0,0.0,0.0,0.0,0.0,0.0,0.0,0.0,0.0,0.0,0.0,0.0,0.0,0.0,15.012853690083533,0.0,0.0,0.0,0.0,False,False,0,False,False,False,False
79,21,0.01226822912693024,71.87368774414062,5.338286388065581,0.08815021812915802,0.0,56,0.0458221435546875,0.013553914427757264,0.0,0.12142209235865646,0.0,0.0,0.0,0.0,0.0,0.0,0.0,0.0,0.0,0.0,0.0,0.0,0.0,0.0,0.0,0.0,0.0,20.081241657461938,0.0,0.0,0.0,0.0,False,False,0,False,False,False,False
79,22,-0.0738349238038063,71.8592529296875,0.5655365256726406,0.0891464427113533,5.7970596849918365,56,0.01732177734375,0.011156701147556305,0.0,0.11360971872050338,0.0,0.0,0.0,0.06,0.0,0.0,0.0,0.0,0.0,0.0,0.0,0.0,0.0,0.0,0.0,0.0,0.0,1056.7951139997556,0.0,0.0,0.0,0.0,False,False,0,False,False,False,False
79,23,-0.07388170950114727,71.85333251953125,1.20777341209491,0.0895356684923172,17.652300484478474,56,0.0071044921874999995,0.0009862016886472702,0.0,0.10038682524401718,0.0,0.0,0.0,0.06,0.0,0.0,0.0,0.0,0.0,0.0,0.0,0.0,0.0,0.0,0.0,0.0,0.0,139.87322328293365,0.0,0.0,0.0,0.0,False,False,0,False,False,False,False
79,24,-0.06889349199831485,71.84337615966797,1.9967260951034254,0.09057504683732986,17.42067363113165,56,0.0119476318359375,0.0008411238342523575,0.0,0.029063647429533532,0.0,0.0,0.0,0.06,0.0,0.0,0.0,0.0,0.0,0.0,0.0,0.0,0.0,0.0,0.0,0.0,0.0,67.27887834213527,0.0,0.0,0.0,0.0,True,False,0,False,False,False,False
79,25,-0.005547262877225876,71.82875061035156,2.642188444406276,0.09254922717809677,19.525140523910522,56,0.0175506591796875,0.0030979220569133763,0.0,0.06569433991152816,0.0,0.0,0.0,0.0,0.0,0.0,0.0,0.0,0.0,0.0,0.0,0.0,0.0,0.0,0.0,0.0,0.0,47.660263050431645,0.0,0.0,0.0,0.0,True,False,0,False,False,False,False
79,26,0.0006783454120159113,71.80934143066406,3.485044831750072,0.09506513178348541,17.057673521339893,56,0.023291015624999998,0.0026126702129840853,0.0,0.0,0.0,0.0,0.0,0.0,0.0,0.0,0.0,0.0,0.0,0.0,0.0,0.0,0.0,0.0,0.0,0.0,0.0,34.114494322884454,0.0,0.0,0.0,0.0,True,False,0,False,False,False,False
79,27,0.005508999526500698,71.78485870361328,4.127817392331811,0.0987374559044838,16.824835315346718,56,0.029379272460937498,0.0038702729344367985,0.0,0.007998060624189906,0.0,0.0,0.0,0.0,0.0,0.0,0.0,0.0,0.0,0.0,0.0,0.0,0.0,0.0,0.0,0.0,0.0,28.134812358627823,0.0,0.0,0.0,0.0,True,False,0,False,False,False,False
79,28,0.012772176936268798,71.75553894042969,5.090576347857047,0.1028333455324173,18.45630470663309,56,0.035183715820312496,0.0024115388840436937,0.0,0.0,0.0,0.0,0.0,0.0,0.0,0.0,0.0,0.0,0.0,0.0,0.0,0.0,0.0,0.0,0.0,0.0,0.0,22.215272396357268,0.0,0.0,0.0,0.0,True,False,0,False,False,False,False
79,29,0.02043808467686176,71.72052001953125,6.010112595990441,0.1084306612610817,16.644053757190704,56,0.042022705078125,0.001584620401263237,0.0,0.0,0.0,0.0,0.0,0.0,0.0,0.0,0.0,0.0,0.0,0.0,0.0,0.0,0.0,0.0,0.0,0.0,0.0,18.465467365269607,0.0,0.0,0.0,0.0,True,False,0,False,False,False,False
79,30,0.02754108063876629,71.68003845214844,6.9384595551425745,0.11484725773334503,14.33293841779232,56,0.048577880859375,0.0010368002206087113,0.0,0.0,0.0,0.0,0.0,0.0,0.0,0.0,0.0,0.0,0.0,0.0,0.0,0.0,0.0,0.0,0.0,0.0,0.0,15.807869351653256,0.0,0.0,0.0,0.0,True,False,0,False,False,False,False
79,31,0.03404536634683608,71.6340560913086,7.749784135109795,0.1223142221570015,11.688107326626778,56,0.0551788330078125,0.00113346666097641,0.0,0.0,0.0,0.0,0.0,0.0,0.0,0.0,0.0,0.0,0.0,0.0,0.0,0.0,0.0,0.0,0.0,0.0,0.0,14.002819961993772,0.0,0.0,0.0,0.0,True,False,0,False,False,False,False
79,32,0.04123404435813427,71.5822525024414,8.708614262753304,0.13119253516197205,9.385255873203278,56,0.062164306640625,0.0009302622824907303,0.0,0.0,0.0,0.0,0.0,0.0,0.0,0.0,0.0,0.0,0.0,0.0,0.0,0.0,0.0,0.0,0.0,0.0,0.0,12.335351234437528,0.0,0.0,0.0,0.0,True,False,0,False,False,False,False
79,33,0.02744740851223468,71.52528381347656,9.386353682393718,0.1410907655954361,7.24847137928009,56,0.0683624267578125,0.020915018245577812,0.0,0.0,0.0,0.0,0.0,0.0,0.0,0.0,0.0,0.0,0.0,0.0,0.0,0.0,0.0,0.0,0.0,0.0,0.0,11.364940459672411,0.0,0.0,0.0,0.0,True,False,0,False,False,False,False
79,34,0.03994789332151413,71.46516418457031,9.64671123409276,0.15231651067733765,4.424027502536774,56,0.0721435546875,0.01219566136598587,0.0,0.0,0.0,0.0,0.0,0.0,0.0,0.0,0.0,0.0,0.0,0.0,0.0,0.0,0.0,0.0,0.0,0.0,0.0,11.032810711865437,0.0,0.0,0.0,0.0,True,False,0,False,False,False,False
79,35,0.03996924981474875,71.4052963256836,9.461712470879474,0.16362561285495758,1.1240507662296295,56,0.0718414306640625,0.011872180849313737,0.0,0.0,0.0,0.0,0.0,0.0,0.0,0.0,0.0,0.0,0.0,0.0,0.0,0.0,0.0,0.0,0.0,0.0,0.0,11.26544358434658,0.0,0.0,0.0,0.0,True,False,0,False,False,False,False
79,36,0.039108001813292506,71.34706115722656,9.271840736924828,0.17430880665779114,0.0,56,0.0698822021484375,0.010774200335144996,0.0,0.0,0.0,0.0,0.0,0.0,0.0,0.0,0.0,0.0,0.0,0.0,0.0,0.0,0.0,0.0,0.0,0.0,0.0,11.563475906869124,0.0,0.0,0.0,0.0,True,False,0,False,False,False,False
79,37,0.03636513389647006,71.2911605834961,8.806075178375798,0.1846390813589096,0.0,56,0.0670806884765625,0.010715554580092431,0.0,0.0,0.0,0.0,0.0,0.0,0.0,0.0,0.0,0.0,0.0,0.0,0.0,0.0,0.0,0.0,0.0,0.0,0.0,12.29449857811053,0.0,0.0,0.0,0.0,True,False,0,False,False,False,False
79,38,0.0332257954776287,71.2378921508789,8.465832918458526,0.1945606768131256,0.0,56,0.063922119140625,0.010696323662996292,0.0,0.0,0.0,0.0,0.0,0.0,0.0,0.0,0.0,0.0,0.0,0.0,0.0,0.0,0.0,0.0,0.0,0.0,0.0,12.977153564918682,0.0,0.0,0.0,0.0,True,False,0,False,False,False,False
79,39,0.029933007434010502,71.18733978271484,7.920949290924467,0.20426863431930542,0.0,56,0.060662841796875,0.010729834362864494,0.0,0.0,0.0,0.0,0.0,0.0,0.0,0.0,0.0,0.0,0.0,0.0,0.0,0.0,0.0,0.0,0.0,0.0,0.0,14.152280626396749,0.0,0.0,0.0,0.0,True,False,0,False,False,False,False
79,40,0.026491395086050033,71.13972473144531,7.562389679192507,0.21334820985794067,0.0,56,0.0571380615234375,0.010646666437387467,0.0,0.0,0.0,0.0,0.0,0.0,0.0,0.0,0.0,0.0,0.0,0.0,0.0,0.0,0.0,0.0,0.0,0.0,0.0,15.15664471960156,0.0,0.0,0.0,0.0,True,False,0,False,False,False,False
79,41,0.02290022887289524,71.09507751464844,6.987328228071246,0.22198548913002014,0.0,56,0.05357666015625,0.01067643128335476,0.0,0.0,0.0,0.0,0.0,0.0,0.0,0.0,0.0,0.0,0.0,0.0,0.0,0.0,0.0,0.0,0.0,0.0,0.0,16.687475958641823,0.0,0.0,0.0,0.0,True,False,0,False,False,False,False
79,42,0.019435333386063573,71.05335998535156,6.489365574182338,0.23017972707748413,0.0,56,0.050061035156249996,0.010625701770186425,0.0,0.0,0.0,0.0,0.0,0.0,0.0,0.0,0.0,0.0,0.0,0.0,0.0,0.0,0.0,0.0,0.0,0.0,0.0,18.387283232993777,0.0,0.0,0.0,0.0,True,False,0,False,False,False,False
79,43,0.0007664164900779737,71.0271987915039,2.359710335760646,0.23550604283809662,0.0,56,0.0313934326171875,0.010627016127109527,0.0,0.0,0.0,0.0,0.0,0.0,0.0,0.0,0.0,0.0,0.0,0.0,0.0,0.0,0.0,0.0,0.0,0.0,0.0,119.6528381996358,0.0,0.0,0.0,0.0,True,False,0,False,False,False,False
79,44,-0.08810507617890834,71.02486419677734,0.006306690387675248,0.23598048090934753,2.899113893508911,56,0.002801513671875,0.010906589850783348,0.0,0.0,0.0,0.0,0.0,0.06,0.0,0.0,0.0,0.0,0.0,0.0,0.0,0.0,0.0,0.0,0.0,0.0,0.0,0.0,0.0,0.0,0.0,0.0,True,False,0,False,False,False,False
79,45,-0.08249912425875663,71.02252960205078,0.5395293340271495,0.2362383008003235,10.584509074687958,56,0.002801513671875,0.005300637930631638,0.0,0.0,0.0,0.0,0.0,0.06,0.0,0.0,0.0,0.0,0.0,0.0,0.0,0.0,0.0,0.0,0.0,0.0,0.0,0.0,0.0,0.0,0.0,0.0,True,False,0,False,False,False,False
79,46,-0.07547347450628877,71.01605224609375,1.3084332794293492,0.23731936514377594,9.929343312978745,56,0.0077728271484375,0.003246301654726267,0.0,0.0,0.0,0.0,0.0,0.06,0.0,0.0,0.0,0.0,0.0,0.0,0.0,0.0,0.0,0.0,0.0,0.0,0.0,0.0,0.0,0.0,0.0,0.0,True,False,0,False,False,False,False
79,47,-0.009233221821486951,71.00538635253906,2.118440677872982,0.23881283402442932,11.622122302651405,56,0.012799072265625,0.00203229408711195,0.0,0.0,0.0,0.0,0.0,0.0,0.0,0.0,0.0,0.0,0.0,0.0,0.0,0.0,0.0,0.0,0.0,0.0,0.0,287.5370519452516,0.0,0.0,0.0,0.0,True,False,0,False,False,False,False
79,48,-0.0035834426805377018,70.99009704589844,2.8656338440933147,0.24135951697826385,8.350188732147217,56,0.018347167968749998,0.0019306106492877008,0.0,0.0,0.0,0.0,0.0,0.0,0.0,0.0,0.0,0.0,0.0,0.0,0.0,0.0,0.0,0.0,0.0,0.0,0.0,90.38661524002231,0.0,0.0,0.0,0.0,True,False,0,False,False,False,False
79,49,0.0011408857628703098,70.9704818725586,3.644233497228174,0.24424244463443756,10.111447870731354,56,0.0235382080078125,0.0023973222449421884,0.0,0.0,0.0,0.0,0.0,0.0,0.0,0.0,0.0,0.0,0.0,0.0,0.0,0.0,0.0,0.0,0.0,0.0,0.0,51.39502075200642,0.0,0.0,0.0,0.0,True,False,0,False,False,False,False
79,50,0.007582390122115607,70.94544219970703,4.492793188362402,0.24851401150226593,5.118698179721832,56,0.030047607421874997,0.002465217299759388,0.0,0.0,0.0,0.0,0.0,0.0,0.0,0.0,0.0,0.0,0.0,0.0,0.0,0.0,0.0,0.0,0.0,0.0,0.0,35.42530443090732,0.0,0.0,0.0,0.0,True,False,0,False,False,False,False
79,51,0.012098494693636889,70.91635131835938,5.364648408720806,0.25261813402175903,8.370717018842697,56,0.034909057617187496,0.0028105629235506057,0.0,0.0,0.0,0.0,0.0,0.0,0.0,0.0,0.0,0.0,0.0,0.0,0.0,0.0,0.0,0.0,0.0,0.0,0.0,26.54922251876017,0.0,0.0,0.0,0.0,True,False,0,False,False,False,False
79,52,-0.004928965270519257,70.88479614257812,5.091283154485235,0.25756189227104187,1.611819863319397,56,0.0378662109375,0.022795176208019255,0.0,0.0,0.0,0.0,0.0,0.0,0.0,0.0,0.0,0.0,0.0,0.0,0.0,0.0,0.0,0.0,0.0,0.0,0.0,29.701908041490327,0.0,0.0,0.0,0.0,True,False,0,False,False,False,False
79,53,-0.002051913738250734,70.85839080810547,4.733652132422815,0.2609802782535553,7.378524988889694,56,0.0316864013671875,0.013738315105438232,0.0,0.0,0.0,0.0,0.0,0.0,0.0,0.0,0.0,0.0,0.0,0.0,0.0,0.0,0.0,0.0,0.0,0.0,0.0,34.85021152137421,0.0,0.0,0.0,0.0,True,False,0,False,False,False,False
79,54,-0.013624662868678573,70.83454132080078,2.563749426892734,0.2654975354671478,2.296728640794754,56,0.028619384765625,0.02224404763430357,0.0,0.0,0.0,0.0,0.0,0.0,0.0,0.0,0.0,0.0,0.0,0.0,0.0,0.0,0.0,0.0,0.0,0.0,0.0,202.02977910325305,0.0,0.0,0.0,0.0,True,False,0,False,False,False,False
79,55,-0.0876361296698451,70.83096313476562,0.44917748007338915,0.26635363698005676,9.646089971065521,56,0.0042938232421875,0.011929952912032605,0.0,0.0,0.0,0.0,0.0,0.06,0.0,0.0,0.0,0.0,0.0,0.0,0.0,0.0,0.0,0.0,0.0,0.0,0.0,0.0,0.0,0.0,0.0,0.0,True,False,0,False,False,False,False
79,56,-0.07347675066441298,70.82380676269531,1.6104858481283473,0.2676655054092407,11.093291938304901,56,0.008587646484375,0.0020643971487879754,0.0,0.0,0.0,0.0,0.0,0.06,0.0,0.0,0.0,0.0,0.0,0.0,0.0,0.0,0.0,0.0,0.0,0.0,0.0,0.0,0.0,0.0,0.0,0.0,True,False,0,False,False,False,False
79,57,-0.008225767314434054,70.81182098388672,2.3968413017045793,0.26937365531921387,12.224689945578575,56,0.014382934570312499,0.002608701884746552,0.0,0.0,0.0,0.0,0.0,0.0,0.0,0.0,0.0,0.0,0.0,0.0,0.0,0.0,0.0,0.0,0.0,0.0,0.0,36.6436547152479,0.0,0.0,0.0,0.0,True,False,0,False,False,False,False
79,58,-0.002172658555209636,70.79471588134766,3.199884081475808,0.2723943293094635,40.869127213954926,56,0.020526123046875,0.002698781602084637,0.0,0.0,0.0,0.0,0.0,0.0,0.0,0.0,0.0,0.0,0.0,0.0,0.0,0.0,0.0,0.0,0.0,0.0,0.0,27.39395171733817,0.0,0.0,0.0,0.0,True,False,0,False,False,False,False
79,59,0.001072651594877242,70.77418518066406,3.911967533950278,0.27521663904190063,45.0,56,0.0246368408203125,0.003564189225435257,0.0,0.0,0.0,0.0,0.0,0.0,0.0,0.0,0.0,0.0,0.0,0.0,0.0,0.0,0.0,0.0,0.0,0.0,0.0,22.379047670885566,0.0,0.0,0.0,0.0,True,False,0,False,False,False,False
79,60,0.00876997511833906,70.74771118164062,4.91190885370475,0.2797023355960846,30.191822424530983,56,0.031768798828125,0.002998823709785938,0.0,0.0,0.0,0.0,0.0,0.0,0.0,0.0,0.0,0.0,0.0,0.0,0.0,0.0,0.0,0.0,0.0,0.0,0.0,17.77182365837471,0.0,0.0,0.0,0.0,True,False,0,False,False,False,False
79,61,0.014354228973388675,70.71685791015625,5.754435944669718,0.2842339277267456,23.27057920396328,56,0.03702392578125,0.0026696968078613282,0.0,0.0,0.0,0.0,0.0,0.0,0.0,0.0,0.0,0.0,0.0,0.0,0.0,0.0,0.0,0.0,0.0,0.0,0.0,15.134677052664744,0.0,0.0,0.0,0.0,True,False,0,False,False,False,False
79,62,0.02178411979228258,70.67988586425781,6.5993961212918695,0.290688157081604,19.324386902153492,56,0.044366455078125,0.002582335285842419,0.0,0.0,0.0,0.0,0.0,0.0,0.0,0.0,0.0,0.0,0.0,0.0,0.0,0.0,0.0,0.0,0.0,0.0,0.0,13.144308162427308,0.0,0.0,0.0,0.0,True,False,0,False,False,False,False
79,63,0.02590343676507473,70.63909912109375,7.516815779266447,0.29673048853874207,18.200782723724842,56,0.048944091796875,0.0030406550318002705,0.0,0.0,0.0,0.0,0.0,0.0,0.0,0.0,0.0,0.0,0.0,0.0,0.0,0.0,0.0,0.0,0.0,0.0,0.0,11.501415502727022,0.0,0.0,0.0,0.0,True,False,0,False,False,False,False
79,64,0.03311331123113631,70.59192657470703,8.399667854705033,0.30503126978874207,12.078941389918327,56,0.056607055664062496,0.003493744432926178,0.0,0.0,0.0,0.0,0.0,0.0,0.0,0.0,0.0,0.0,0.0,0.0,0.0,0.0,0.0,0.0,0.0,0.0,0.0,10.239497264692588,0.0,0.0,0.0,0.0,True,False,0,False,False,False,False
79,65,0.04323513753712177,70.5376205444336,9.332082568646312,0.3165668845176697,15.474551618099213,55,0.065167236328125,0.0019320987910032273,0.0,0.0,0.0,0.0,0.0,0.0,0.0,0.0,0.0,0.0,0.0,0.0,0.0,0.0,0.0,0.0,0.0,0.0,0.0,9.15312796474558,0.0,0.0,0.0,0.0,True,False,0,False,False,False,False
79,66,0.02664395427331329,70.47999572753906,10.020340684384744,0.32755324244499207,7.695186585187912,55,0.0691497802734375,0.022505826000124216,0.0,0.0,0.0,0.0,0.0,0.0,0.0,0.0,0.0,0.0,0.0,0.0,0.0,0.0,0.0,0.0,0.0,0.0,0.0,8.463254595086193,0.0,0.0,0.0,0.0,True,False,0,False,False,False,False
79,67,0.04060089646372943,70.42086029052734,10.269998433761181,0.3381735682487488,3.311382830142975,55,0.07096252441406249,0.010361627950333059,0.0,0.0,0.0,0.0,0.0,0.0,0.0,0.0,0.0,0.0,0.0,0.0,0.0,0.0,0.0,0.0,0.0,0.0,0.0,8.252435614818001,0.0,0.0,0.0,0.0,True,False,0,False,False,False,False
79,68,0.04058289462700486,70.36183166503906,10.153363250711372,0.34888556599617004,0.4814457893371582,55,0.0708343505859375,0.010251455958932638,0.0,0.0,0.0,0.0,0.0,0.0,0.0,0.0,0.0,0.0,0.0,0.0,0.0,0.0,0.0,0.0,0.0,0.0,0.0,8.272133918530024,0.0,0.0,0.0,0.0,True,False,0,False,False,False,False
79,69,0.039018114041537044,70.30419921875,9.904010285800203,0.3593992590904236,0.0,55,0.069158935546875,0.010140821505337953,0.0,0.011026549604260394,0.0,0.0,0.0,0.0,0.0,0.0,0.0,0.0,0.0,0.0,0.0,0.0,0.0,0.0,0.0,0.0,0.0,8.410093882386233,0.0,0.0,0.0,0.0,True,False,0,False,False,False,False
79,70,0.036478807358071214,70.24871063232422,9.515729909808408,0.36957722902297974,0.0,55,0.0665863037109375,0.010107496352866292,0.0,0.029731964137875506,0.0,0.0,0.0,0.0,0.0,0.0,0.0,0.0,0.0,0.0,0.0,0.0,0.0,0.0,0.0,0.0,0.0,8.706569481740894,0.0,0.0,0.0,0.0,True,False,0,False,False,False,False
79,71,0.03353587272576987,70.19568634033203,9.115847010208308,0.3793585002422333,0.16866803169250488,55,0.063629150390625,0.010093277664855124,0.0,0.049783450630032484,0.0,0.0,0.0,0.0,0.0,0.0,0.0,0.0,0.0,0.0,0.0,0.0,0.0,0.0,0.0,0.0,0.0,9.050657908836403,0.0,0.0,0.0,0.0,True,False,0,False,False,False,False
79,72,0.03023256056942045,70.14541625976562,8.640069963873787,0.38868194818496704,1.1872181296348572,55,0.060324096679687494,0.010091536110267044,0.0,0.06745326426299758,0.0,0.0,0.0,0.0,0.0,0.0,0.0,0.0,0.0,0.0,0.0,0.0,0.0,0.0,0.0,0.0,0.0,9.52916293838764,0.0,0.0,0.0,0.0,True,False,0,False,False,False,False
79,73,0.018027204070240253,70.1004638671875,8.172658395237306,0.39477041363716125,2.6510417461395264,55,0.05394287109375,0.01591566702350974,0.0,0.08188398864539809,0.0,0.0,0.0,0.0,0.0,0.0,0.0,0.0,0.0,0.0,0.0,0.0,0.0,0.0,0.0,0.0,0.0,10.120496613606118,0.0,0.0,0.0,0.0,True,False,0,False,False,False,False
79,74,0.016746552865952256,70.05850982666016,7.675812945563459,0.40029430389404297,3.423544764518738,55,0.0503448486328125,0.013598295766860247,0.0,0.10022044923576064,0.0,0.0,0.0,0.0,0.0,0.0,0.0,0.0,0.0,0.0,0.0,0.0,0.0,0.0,0.0,0.0,0.0,10.770222493665472,0.0,0.0,0.0,0.0,True,False,0,False,False,False,False
79,75,0.018067724499851463,70.0181884765625,7.244067407209776,0.4064589738845825,7.372550368309021,55,0.0483856201171875,0.010317895617336035,0.0,0.11755767967971512,0.0,0.0,0.0,0.0,0.0,0.0,0.0,0.0,0.0,0.0,0.0,0.0,0.0,0.0,0.0,0.0,0.0,11.379175838000833,0.0,0.0,0.0,0.0,False,False,0,False,False,False,False
79,76,0.015821281448006628,69.98009490966797,6.9267563034844235,0.4123489558696747,10.1010462641716,55,0.045712280273437496,0.009890998825430871,0.0,0.12929928567680066,0.0,0.0,0.0,0.0,0.0,0.0,0.0,0.0,0.0,0.0,0.0,0.0,0.0,0.0,0.0,0.0,0.0,11.877534409565083,0.0,0.0,0.0,0.0,False,False,0,False,False,False,False
79,77,0.024396255910396573,69.94280242919922,6.917709175006599,0.4180709421634674,12.01728880405426,55,0.044750976562499996,0.0003547206521034241,0.0,0.13762934711250013,0.0,0.0,0.0,0.0,0.0,0.0,0.0,0.0,0.0,0.0,0.0,0.0,0.0,0.0,0.0,0.0,0.0,11.919226003535524,0.0,0.0,0.0,0.0,False,False,0,False,False,False,False
79,78,0.024964183755218982,69.9050064086914,7.137336294944219,0.42383864521980286,13.06129239499569,55,0.045355224609375,0.00039104085415601734,0.0,0.1532292785910005,0.0,0.0,0.0,0.0,0.0,0.0,0.0,0.0,0.0,0.0,0.0,0.0,0.0,0.0,0.0,0.0,0.0,11.509130010879048,0.0,0.0,0.0,0.0,False,False,0,False,False,False,False
79,79,0.027455353401601313,69.86514282226562,7.677034762084646,0.42989620566368103,13.80404569208622,55,0.0478363037109375,0.0003809503093361855,0.0,0.16030406620773024,0.0,0.0,0.0,0.0,0.0,0.0,0.0,0.0,0.0,0.0,0.0,0.0,0.0,0.0,0.0,0.0,0.0,10.64800783044539,0.0,0.0,0.0,0.0,False,False,0,False,False,False,False
79,80,0.031446011103689664,69.82194519042969,8.342564899370155,0.43664035201072693,13.326773419976234,55,0.051837158203125,0.00039114709943532944,0.0,0.16529657986434645,0.0,0.0,0.0,0.0,0.0,0.0,0.0,0.0,0.0,0.0,0.0,0.0,0.0,0.0,0.0,0.0,0.0,9.776658034510533,0.0,0.0,0.0,0.0,False,False,0,False,False,False,False
79,81,0.036300667673349385,69.77479553222656,9.158701829793875,0.44404080510139465,11.676459163427353,55,0.05657958984375,0.00027892217040061953,0.0,0.17770439830096907,0.0,0.0,0.0,0.0,0.0,0.0,0.0,0.0,0.0,0.0,0.0,0.0,0.0,0.0,0.0,0.0,0.0,8.909858405472328,0.0,0.0,0.0,0.0,False,False,0,False,False,False,False
79,82,0.04044906165450811,69.72193908691406,9.893791080729986,0.4539742171764374,9.097059220075607,54,0.063427734375,0.0029786727204918866,0.0,0.23785972681316087,0.0,0.0,0.0,0.0,0.0,0.0,0.0,0.0,0.0,0.0,0.0,0.0,0.0,0.0,0.0,0.0,0.0,8.235322051136658,0.0,0.0,0.0,0.0,False,False,0,False,False,False,False
79,83,0.024017450083047145,69.66712951660156,10.266007709818679,0.4636023938655853,4.594015181064606,54,0.065771484375,0.02175403429195285,0.0,0.22876449551852887,0.0,0.0,0.0,0.0,0.0,0.0,0.0,0.0,0.0,0.0,0.0,0.0,0.0,0.0,0.0,0.0,0.0,7.905693776746733,0.0,0.0,0.0,0.0,False,False,0,False,False,False,False
79,84,0.03482602483592927,69.6128158569336,10.15989185959317,0.47263580560684204,0.0,54,0.0651763916015625,0.010350366765633225,0.0,0.24056077029975598,0.0,0.0,0.0,0.0,0.0,0.0,0.0,0.0,0.0,0.0,0.0,0.0,0.0,0.0,0.0,0.0,0.0,8.00272904176229,0.0,0.0,0.0,0.0,False,False,0,False,False,False,False
79,85,0.03329565965570508,69.55989837646484,9.89984983279054,0.4814862310886383,0.0,54,0.06350097656249999,0.010205316906794906,0.0,0.24627110746177383,0.0,0.0,0.0,0.0,0.0,0.0,0.0,0.0,0.0,0.0,0.0,0.0,0.0,0.0,0.0,0.0,0.0,8.228361103343042,0.0,0.0,0.0,0.0,False,False,0,False,False,False,False
79,86,0.03098488236777484,69.50899505615234,9.505358568326256,0.49006184935569763,0.0,54,0.061083984375,0.010099102007225157,0.0,0.23799268927844708,0.0,0.0,0.0,0.0,0.0,0.0,0.0,0.0,0.0,0.0,0.0,0.0,0.0,0.0,0.0,0.0,0.0,8.628233188069034,0.0,0.0,0.0,0.0,False,False,0,False,False,False,False
79,87,0.028176301158964624,69.46044158935547,9.101917687640086,0.4982561469078064,0.0,54,0.058264160156249994,0.010087858997285367,0.0,0.21871469285758682,0.0,0.0,0.0,0.0,0.0,0.0,0.0,0.0,0.0,0.0,0.0,0.0,0.0,0.0,0.0,0.0,0.0,9.050403669721033,0.0,0.0,0.0,0.0,False,False,0,False,False,False,False
79,88,0.02506816535256803,69.41447448730469,8.624111767416235,0.5060230493545532,0.7707515358924866,54,0.0551605224609375,0.01009235710836947,0.0,0.1905293538835878,0.0,0.0,0.0,0.0,0.0,0.0,0.0,0.0,0.0,0.0,0.0,0.0,0.0,0.0,0.0,0.0,0.0,9.637702212138278,0.0,0.0,0.0,0.0,False,False,0,False,False,False,False
79,89,0.01801267882809043,69.3722915649414,8.175337298578873,0.5120505690574646,2.021205425262451,54,0.0506195068359375,0.01260682800784707,0.0,0.15629563894542403,0.0,0.0,0.0,0.0,0.0,0.0,0.0,0.0,0.0,0.0,0.0,0.0,0.0,0.0,0.0,0.0,0.0,10.28278688237515,0.0,0.0,0.0,0.0,False,False,0,False,False,False,False
79,90,0.01601744744926691,69.33255004882812,7.677502677623732,0.5178948640823364,3.4975093603134155,54,0.0476898193359375,0.01167237188667059,0.0,0.11813256290229507,0.0,0.0,0.0,0.0,0.0,0.0,0.0,0.0,0.0,0.0,0.0,0.0,0.0,0.0,0.0,0.0,0.0,11.130484421704615,0.0,0.0,0.0,0.0,False,False,0,False,False,False,False
79,91,0.014789961446076628,69.29496765136719,7.2317222278166176,0.523723840713501,6.150242239236832,54,0.045098876953125,0.010308915507048369,0.0,0.07580402162345594,0.0,0.0,0.0,0.0,0.0,0.0,0.0,0.0,0.0,0.0,0.0,0.0,0.0,0.0,0.0,0.0,0.0,11.988406282136525,0.0,0.0,0.0,0.0,False,False,0,False,False,False,False
79,92,0.01217755649238825,69.25960540771484,6.899476405166133,0.5292475819587708,7.978144884109497,54,0.0424346923828125,0.010257135890424252,0.0,0.03178192284377761,0.0,0.0,0.0,0.0,0.0,0.0,0.0,0.0,0.0,0.0,0.0,0.0,0.0,0.0,0.0,0.0,0.0,12.591229215417947,0.0,0.0,0.0,0.0,False,False,0,False,False,False,False
79,93,0.021231335140764713,69.22503662109375,6.888397823332898,0.5346034169197083,9.401339739561081,54,0.0414825439453125,0.00025120880454778673,0.0,0.09231486346992201,0.0,0.0,0.0,0.0,0.0,0.0,0.0,0.0,0.0,0.0,0.0,0.0,0.0,0.0,0.0,0.0,0.0,12.574702736416096,0.0,0.0,0.0,0.0,False,False,0,False,False,False,False
79,94,0.021902860347181554,69.1899185180664,7.106596969556845,0.5400965213775635,10.013088583946228,54,0.042141723632812496,0.0002388632856309414,0.0,0.04761990573676772,0.0,0.0,0.0,0.0,0.0,0.0,0.0,0.0,0.0,0.0,0.0,0.0,0.0,0.0,0.0,0.0,0.0,12.33684000843029,0.0,0.0,0.0,0.0,True,False,0,False,False,False,False
79,95,0.024373625535517935,69.15277099609375,7.645599120587219,0.5459862947463989,9.618848115205765,54,0.0445770263671875,0.000203400831669569,0.0,0.001712836292111346,0.0,0.0,0.0,0.0,0.0,0.0,0.0,0.0,0.0,0.0,0.0,0.0,0.0,0.0,0.0,0.0,0.0,11.473266651390569,0.0,0.0,0.0,0.0,True,False,0,False,False,False,False
79,96,0.027914708722382785,69.11267852783203,8.31064616999733,0.5523338317871094,8.530822098255157,54,0.0481109619140625,0.00019625319167971612,0.0,0.0,0.0,0.0,0.0,0.0,0.0,0.0,0.0,0.0,0.0,0.0,0.0,0.0,0.0,0.0,0.0,0.0,0.0,10.380230356290966,0.0,0.0,0.0,0.0,True,False,0,False,False,False,False
79,97,0.011829317277297375,69.06932830810547,8.93457500883512,0.559291660785675,7.22133681178093,54,0.052020263671875,0.020190946394577622,0.0,0.0,0.0,0.0,0.0,0.0,0.0,0.0,0.0,0.0,0.0,0.0,0.0,0.0,0.0,0.0,0.0,0.0,0.0,9.505292081108598,0.0,0.0,0.0,0.0,True,False,0,False,False,False,False
79,98,0.02272049492225051,69.02481842041016,9.09516844855788,0.5661125183105469,0.0,54,0.053411865234375,0.010691370312124492,0.0,0.0,0.0,0.0,0.0,0.0,0.0,0.0,0.0,0.0,0.0,0.0,0.0,0.0,0.0,0.0,0.0,0.0,0.0,9.285974078457409,0.0,0.0,0.0,0.0,True,False,0,False,False,False,False
79,99,0.020790843665599818,68.98140716552734,8.997775691148709,0.5720635056495667,0.0,53,0.052093505859375,0.011302662193775178,0.0,0.0,0.0,0.0,0.0,0.0,0.0,0.0,0.0,0.0,0.0,0.0,0.0,0.0,0.0,0.0,0.0,0.0,0.0,9.371256151232041,0.0,0.0,0.0,0.0,True,False,0,False,False,False,False
79,100,0.019849330373108386,68.93891143798828,8.70867672732495,0.5782129168510437,0.0,53,0.050994873046875,0.011145542673766613,0.0,0.0,0.0,0.0,0.0,0.0,0.0,0.0,0.0,0.0,0.0,0.0,0.0,0.0,0.0,0.0,0.0,0.0,0.0,9.72674745518479,0.0,0.0,0.0,0.0,True,False,0,False,False,False,False
79,101,0.018970735929906366,68.89788055419922,8.373257265038546,0.5844387412071228,0.0,53,0.049237060546874996,0.010266324616968633,0.0,0.0,0.0,0.0,0.0,0.0,0.0,0.0,0.0,0.0,0.0,0.0,0.0,0.0,0.0,0.0,0.0,0.0,0.0,10.284570652050835,0.0,0.0,0.0,0.0,True,False,0,False,False,False,False
79,102,0.016482375375926495,68.85894012451172,7.942509294469419,0.5903287529945374,0.0,53,0.046728515625,0.010246140249073506,0.0,0.0,0.0,0.0,0.0,0.0,0.0,0.0,0.0,0.0,0.0,0.0,0.0,0.0,0.0,0.0,0.0,0.0,0.0,10.889793915091138,0.0,0.0,0.0,0.0,True,False,0,False,False,False,False
79,103,0.013868263252079484,68.82220458984375,7.531923304484866,0.5958678722381592,0.0,53,0.0440826416015625,0.010214378349483013,0.0,0.0,0.0,0.0,0.0,0.0,0.0,0.0,0.0,0.0,0.0,0.0,0.0,0.0,0.0,0.0,0.0,0.0,0.0,11.624820551121164,0.0,0.0,0.0,0.0,True,False,0,False,False,False,False
79,104,0.011097770538181066,68.78778839111328,7.059283318111181,0.601071298122406,0.0,53,0.0412994384765625,0.010201667938381434,0.0,0.0,0.0,0.0,0.0,0.0,0.0,0.0,0.0,0.0,0.0,0.0,0.0,0.0,0.0,0.0,0.0,0.0,0.0,12.597052139095933,0.0,0.0,0.0,0.0,True,False,0,False,False,False,False
79,105,0.005012313313782216,68.75845336914062,4.834466802119861,0.6055119633674622,0.0,53,0.0352020263671875,0.010189713053405285,0.0,0.0,0.0,0.0,0.0,0.0,0.0,0.0,0.0,0.0,0.0,0.0,0.0,0.0,0.0,0.0,0.0,0.0,0.0,21.419515904472636,0.0,0.0,0.0,0.0,True,False,0,False,False,False,False
79,106,-0.07837859768420458,68.74861907958984,0.711162179584743,0.607008159160614,0.0,53,0.0118011474609375,0.01017974514514208,0.0,0.0,0.0,0.0,0.0,0.06,0.0,0.0,0.0,0.0,0.0,0.0,0.0,0.0,0.0,0.0,0.0,0.0,0.0,0.0,0.0,0.0,0.0,0.0,True,False,0,False,False,False,False
79,107,-0.09028743609786033,68.74866485595703,3.8888350923803394e-05,0.6069933772087097,4.940266907215118,53,-5.4931640624999995e-05,0.010232504457235336,0.0,0.0,0.0,0.0,0.0,0.06,0.0,0.0,0.0,0.0,0.0,0.0,0.0,0.0,0.0,0.0,0.0,0.0,0.0,0.0,0.0,0.0,0.0,0.0,True,False,0,False,False,False,False
79,108,-0.07815472424030304,68.7469482421875,0.4799307311939908,0.6072371006011963,9.230265766382217,53,0.0020599365234375,0.00021466076374053954,0.0,0.0,0.0,0.0,0.0,0.06,0.0,0.0,0.0,0.0,0.0,0.0,0.0,0.0,0.0,0.0,0.0,0.0,0.0,0.0,0.0,0.0,0.0,0.0,True,False,0,False,False,False,False
79,109,-0.07546294765546918,68.74298858642578,1.0389991716339317,0.6078011989593506,10.25255486369133,53,0.0047515869140625,0.00021453456953167914,0.0,0.0,0.0,0.0,0.0,0.06,0.0,0.0,0.0,0.0,0.0,0.0,0.0,0.0,0.0,0.0,0.0,0.0,0.0,0.0,0.0,0.0,0.0,0.0,True,False,0,False,False,False,False
79,110,-0.07176923273131251,68.73595428466797,1.7823819322479895,0.6087622046470642,9.65023398399353,53,0.008441162109374999,0.00021039484068751337,0.0,0.0,0.0,0.0,0.0,0.06,0.0,0.0,0.0,0.0,0.0,0.0,0.0,0.0,0.0,0.0,0.0,0.0,0.0,0.0,0.0,0.0,0.0,0.0,True,False,0,False,False,False,False
79,111,-0.007103812023997307,68.72501373291016,2.6582324359343654,0.6104402542114258,8.05293157696724,53,0.013128662109375,0.00023247413337230683,0.0,0.0,0.0,0.0,0.0,0.0,0.0,0.0,0.0,0.0,0.0,0.0,0.0,0.0,0.0,0.0,0.0,0.0,0.0,87.65218865376755,0.0,0.0,0.0,0.0,True,False,0,False,False,False,False
79,112,-0.002699789293110374,68.71041107177734,3.433953716023332,0.6127287745475769,5.894909352064133,53,0.017523193359374998,0.00022298265248537063,0.0,0.0,0.0,0.0,0.0,0.0,0.0,0.0,0.0,0.0,0.0,0.0,0.0,0.0,0.0,0.0,0.0,0.0,0.0,45.268178912137536,0.0,0.0,0.0,0.0,True,False,0,False,False,False,False
79,113,2.2971853613849846e-05,68.69107818603516,4.149597389447404,0.6166349053382874,3.808162808418274,53,0.023199462890624998,0.0031764910370111464,0.0,0.0,0.0,0.0,0.0,0.0,0.0,0.0,0.0,0.0,0.0,0.0,0.0,0.0,0.0,0.0,0.0,0.0,0.0,31.59016068642955,0.0,0.0,0.0,0.0,True,False,0,False,False,False,False
79,114,-0.08049346999265253,68.6764907836914,1.3913103052019364,0.6195497512817383,3.6817409098148346,53,0.0175048828125,0.017998352805152537,0.0,0.0,0.0,0.0,0.0,0.06,0.0,0.0,0.0,0.0,0.0,0.0,0.0,0.0,0.0,0.0,0.0,0.0,0.0,49.488524630617846,0.0,0.0,0.0,0.0,True,False,0,False,False,False,False
79,115,-0.0900859291292727,68.67571258544922,0.36119124198012004,0.6196723580360413,33.296692594885826,53,0.0009338378906249999,0.0110197670198977,0.0,0.0,0.0,0.0,0.0,0.06,0.0,0.0,0.0,0.0,0.0,0.0,0.0,0.0,0.0,0.0,0.0,0.0,0.0,190.75560285564373,0.0,0.0,0.0,0.0,True,False,0,False,False,False,False
79,116,-0.07708155833184718,68.67181396484375,1.2564721519016073,0.6201604604721069,41.070852130651474,53,0.0046783447265624995,0.0017599030584096909,0.0,0.0,0.0,0.0,0.0,0.06,0.0,0.0,0.0,0.0,0.0,0.0,0.0,0.0,0.0,0.0,0.0,0.0,0.0,54.773821488034685,0.0,0.0,0.0,0.0,True,False,0,False,False,False,False
79,117,-0.07497918710112572,68.6639404296875,1.8810880881742755,0.6218386888504028,26.28526009619236,53,0.009448242187499999,0.004427429288625717,0.0,0.0,0.0,0.0,0.0,0.06,0.0,0.0,0.0,0.0,0.0,0.0,0.0,0.0,0.0,0.0,0.0,0.0,0.0,36.54476201041596,0.0,0.0,0.0,0.0,True,False,0,False,False,False,False
79,118,-0.00924950490705669,68.6528091430664,2.68612647884344,0.6236541867256165,21.843552100472152,53,0.0133575439453125,0.0026070488523691894,0.0,0.0,0.0,0.0,0.0,0.0,0.0,0.0,0.0,0.0,0.0,0.0,0.0,0.0,0.0,0.0,0.0,0.0,0.0,25.521858483117292,0.0,0.0,0.0,0.0,True,False,0,False,False,False,False
79,119,-0.0023695875260455086,68.63796997070312,3.526623846899398,0.6259734630584717,16.07807144522667,53,0.0178070068359375,0.00017659436198300683,0.0,0.0,0.0,0.0,0.0,0.0,0.0,0.0,0.0,0.0,0.0,0.0,0.0,0.0,0.0,0.0,0.0,0.0,0.0,19.38084523321244,0.0,0.0,0.0,0.0,True,False,0,False,False,False,False
79,120,0.0025902044659596862,68.61907958984375,4.340319403062787,0.6291165947914124,11.007720082998276,53,0.02266845703125,7.825256529031321e-05,0.0,0.0,0.0,0.0,0.0,0.0,0.0,0.0,0.0,0.0,0.0,0.0,0.0,0.0,0.0,0.0,0.0,0.0,0.0,15.699937391706042,0.0,0.0,0.0,0.0,True,False,0,False,False,False,False
79,121,0.007340273091103879,68.59619903564453,5.077093455769137,0.6329923272132874,7.171803116798401,53,0.027456665039062498,0.0001163919479586184,0.0,0.0,0.0,0.0,0.0,0.0,0.0,0.0,0.0,0.0,0.0,0.0,0.0,0.0,0.0,0.0,0.0,0.0,0.0,13.3729409197466,0.0,0.0,0.0,0.0,True,False,0,False,False,False,False
79,122,0.012613641093485058,68.56895446777344,6.144911003600373,0.6376309990882874,4.877028465270996,53,0.0326934814453125,7.984035182744265e-05,0.0,0.0,0.0,0.0,0.0,0.0,0.0,0.0,0.0,0.0,0.0,0.0,0.0,0.0,0.0,0.0,0.0,0.0,0.0,11.003075621774434,0.0,0.0,0.0,0.0,True,False,0,False,False,False,False
79,123,-0.00407436038833112,68.5389633178711,6.407905578456355,0.6427884697914124,2.2068826854228973,53,0.0359893798828125,0.020063740271143618,0.0,0.0,0.0,0.0,0.0,0.0,0.0,0.0,0.0,0.0,0.0,0.0,0.0,0.0,0.0,0.0,0.0,0.0,0.0,10.681093114828055,0.0,0.0,0.0,0.0,True,False,0,False,False,False,False
79,124,0.006800886197015642,68.50820922851562,6.609060534254568,0.6481292247772217,0.5996802449226379,53,0.0369049072265625,0.010104021029546858,0.0,0.0,0.0,0.0,0.0,0.0,0.0,0.0,0.0,0.0,0.0,0.0,0.0,0.0,0.0,0.0,0.0,0.0,0.0,10.256641427024588,0.0,0.0,0.0,0.0,True,False,0,False,False,False,False
79,125,0.0054285315331071594,68.47860717773438,6.133458344479253,0.653256356716156,0.0,53,0.0355224609375,0.010093929404392838,0.0,0.0,0.0,0.0,0.0,0.0,0.0,0.0,0.0,0.0,0.0,0.0,0.0,0.0,0.0,0.0,0.0,0.0,0.0,10.965077775851764,0.0,0.0,0.0,0.0,True,False,0,False,False,False,False
79,126,0.003972847089171408,68.45025634765625,6.063461595557166,0.6581699252128601,0.21028384566307068,53,0.03402099609375,0.01004814900457859,0.0,0.0,0.0,0.0,0.0,0.0,0.0,0.0,0.0,0.0,0.0,0.0,0.0,0.0,0.0,0.0,0.0,0.0,0.0,11.051351587087106,0.0,0.0,0.0,0.0,True,False,0,False,False,False,False
79,127,-0.005177677718456836,68.42953491210938,2.737816828608641,0.6617408990859985,0.6473712623119354,53,0.02486572265625,0.010043400374706834,0.0,0.028254949581565887,0.0,0.0,0.0,0.0,0.0,0.0,0.0,0.0,0.0,0.0,0.0,0.0,0.0,0.0,0.0,0.0,0.0,25.6385365730269,0.0,0.0,0.0,0.0,True,False,0,False,False,False,False
79,128,-0.08666166169568897,68.42665100097656,0.0020083823802682973,0.6622300744056702,6.382260024547577,53,0.0034606933593749997,0.010122355055063963,0.0,0.06785504056209567,0.0,0.0,0.0,0.06,0.0,0.0,0.0,0.0,0.0,0.0,0.0,0.0,0.0,0.0,0.0,0.0,0.0,0.0,0.0,0.0,0.0,0.0,True,False,0,False,False,False,False
79,129,-0.07797057277522981,68.42473602294922,0.5460734842036638,0.6625353097915649,14.800027683377266,53,0.0022979736328125,0.0002685464080423117,0.0,0.11184955550426487,0.0,0.0,0.0,0.06,0.0,0.0,0.0,0.0,0.0,0.0,0.0,0.0,0.0,0.0,0.0,0.0,0.0,211.70579731724587,0.0,0.0,0.0,0.0,True,False,0,False,False,False,False
79,130,-0.07424371145199984,68.41981506347656,1.477815625849107,0.6633589863777161,18.25509276241064,53,0.0059051513671875,0.0001488628191873431,0.0,0.1460152281641388,0.0,0.0,0.0,0.06,0.0,0.0,0.0,0.0,0.0,0.0,0.0,0.0,0.0,0.0,0.0,0.0,0.0,54.092982901649556,0.0,0.0,0.0,0.0,False,False,0,False,False,False,False
79,131,-0.009779364704154431,68.41119384765625,2.1132707607876626,0.6647776365280151,18.555952459573746,53,0.010345458984375,0.00012482368852943183,0.0,0.16730679644340518,0.0,0.0,0.0,0.0,0.0,0.0,0.0,0.0,0.0,0.0,0.0,0.0,0.0,0.0,0.0,0.0,0.0,35.98875982084369,0.0,0.0,0.0,0.0,False,False,0,False,False,False,False
79,132,-0.005755195712224577,68.39930725097656,2.871845082260972,0.6667914986610413,16.990298442542553,53,0.014263916015625,1.9111727849576712e-05,0.0,0.18658215357059482,0.0,0.0,0.0,0.0,0.0,0.0,0.0,0.0,0.0,0.0,0.0,0.0,0.0,0.0,0.0,0.0,0.0,25.666778822679838,0.0,0.0,0.0,0.0,False,False,0,False,False,False,False
79,133,-0.0013976911573490743,68.38374328613281,3.714073938472803,0.6693243384361267,14.271535947918892,53,0.0186767578125,7.444896984907246e-05,0.0,0.20551008952850344,0.0,0.0,0.0,0.0,0.0,0.0,0.0,0.0,0.0,0.0,0.0,0.0,0.0,0.0,0.0,0.0,0.0,19.43766906236697,0.0,0.0,0.0,0.0,False,False,0,False,False,False,False
79,134,0.0026796714588999716,68.3646011352539,4.489302409739167,0.6724827289581299,12.618827819824219,53,0.022970581054687498,0.00029090959578752517,0.0,0.22068105531925206,0.0,0.0,0.0,0.0,0.0,0.0,0.0,0.0,0.0,0.0,0.0,0.0,0.0,0.0,0.0,0.0,0.0,15.875817695978323,0.0,0.0,0.0,0.0,False,False,0,False,False,False,False
79,135,-0.0004146454297006136,68.34318542480469,5.350548565392393,0.6746647357940674,11.661726459860802,52,0.0256988525390625,0.006113497968763113,0.0,0.19807756496662143,0.0,0.0,0.0,0.0,0.0,0.0,0.0,0.0,0.0,0.0,0.0,0.0,0.0,0.0,0.0,0.0,0.0,13.174311437164198,0.0,0.0,0.0,0.0,False,False,0,False,False,False,False
79,136,-0.00929833360016346,68.319091796875,5.348830713968148,0.6775027513504028,4.766509383916855,52,0.028912353515625,0.01821068711578846,0.0,0.20979141010040284,0.0,0.0,0.0,0.0,0.0,0.0,0.0,0.0,0.0,0.0,0.0,0.0,0.0,0.0,0.0,0.0,0.0,13.170459602354471,0.0,0.0,0.0,0.0,False,False,0,False,False,False,False
79,137,-0.007691691946238281,68.29768371582031,3.933928344418018,0.6815314292907715,2.8196869790554047,52,0.025689697265625,0.01338138921186328,0.0,0.2158313371061707,0.0,0.0,0.0,0.0,0.0,0.0,0.0,0.0,0.0,0.0,0.0,0.0,0.0,0.0,0.0,0.0,0.0,18.41479369689364,0.0,0.0,0.0,0.0,False,False,0,False,False,False,False
79,138,-0.08231586579931899,68.29080963134766,0.02178484334428676,0.6831342577934265,4.977572411298752,52,0.0082489013671875,0.010564767166506499,0.0,0.23477612270111087,0.0,0.0,0.0,0.06,0.0,0.0,0.0,0.0,0.0,0.0,0.0,0.0,0.0,0.0,0.0,0.0,0.0,0.0,0.0,0.0,0.0,0.0,False,False,0,False,False,False,False
79,139,-0.07738782480824738,68.28805541992188,1.1110386389095792,0.6835769414901733,13.504758104681969,52,0.0033050537109375,0.0006928785191848874,0.0,0.25468138588661193,0.0,0.0,0.0,0.06,0.0,0.0,0.0,0.0,0.0,0.0,0.0,0.0,0.0,0.0,0.0,0.0,0.0,95.45404843052026,0.0,0.0,0.0,0.0,False,False,0,False,False,False,False
79,140,-0.07264414556324482,68.2814712524414,1.770984723339333,0.6844466328620911,13.376730233430862,52,0.0079010009765625,0.0005451465398073197,0.0,0.2562474526285553,0.0,0.0,0.0,0.06,0.0,0.0,0.0,0.0,0.0,0.0,0.0,0.0,0.0,0.0,0.0,0.0,0.0,49.39912317360971,0.0,0.0,0.0,0.0,False,False,0,False,False,False,False
79,141,-0.008071487843990326,68.271240234375,2.7648776002599678,0.6857738494873047,10.404216349124908,52,0.0122772216796875,0.00034870952367782593,0.0,0.2655190257548714,0.0,0.0,0.0,0.0,0.0,0.0,0.0,0.0,0.0,0.0,0.0,0.0,0.0,0.0,0.0,0.0,0.0,28.42304598968596,0.0,0.0,0.0,0.0,False,False,0,False,False,False,False
79,142,-0.0032495816424489045,68.25701904296875,3.680512161941294,0.6876198053359985,7.609558403491974,52,0.017065429687499998,0.0003150113299489021,0.0,0.26676094217294694,0.0,0.0,0.0,0.0,0.0,0.0,0.0,0.0,0.0,0.0,0.0,0.0,0.0,0.0,0.0,0.0,0.0,20.406047302413267,0.0,0.0,0.0,0.0,False,False,0,False,False,False,False
79,143,0.0007003919407725309,68.23951721191406,4.443143495871225,0.6898475885391235,4.76512536406517,52,0.021002197265624998,0.0003018053248524666,0.0,0.27758188529008865,0.0,0.0,0.0,0.0,0.0,0.0,0.0,0.0,0.0,0.0,0.0,0.0,0.0,0.0,0.0,0.0,0.0,16.511430526558343,0.0,0.0,0.0,0.0,False,False,0,False,False,False,False
79,144,-0.023206545561552046,68.22525024414062,2.1139642912103267,0.6909310817718506,2.393537610769272,52,0.017120361328125,0.020326906889677046,0.0,0.2770484985231781,0.0,0.0,0.0,0.0,0.0,0.0,0.0,0.0,0.0,0.0,0.0,0.0,0.0,0.0,0.0,0.0,0.0,41.426527308040235,0.0,0.0,0.0,0.0,False,False,0,False,False,False,False
79,145,-0.08845145016908645,68.22323608398438,0.5589394466752793,0.6910842061042786,5.081430226564407,52,0.0024169921875,0.010868442356586457,0.0,0.29501016331905366,0.0,0.0,0.0,0.06,0.0,0.0,0.0,0.0,0.0,0.0,0.0,0.0,0.0,0.0,0.0,0.0,0.0,0.0,0.0,0.0,0.0,0.0,False,False,0,False,False,False,False
79,146,-0.07370393212884664,68.21747589111328,1.713078850074935,0.691969096660614,9.252607226371765,52,0.0069122314453125,0.0006161635741591453,0.0,0.28984520239824296,0.0,0.0,0.0,0.06,0.0,0.0,0.0,0.0,0.0,0.0,0.0,0.0,0.0,0.0,0.0,0.0,0.0,57.3094150529632,0.0,0.0,0.0,0.0,False,False,0,False,False,False,False
79,147,-0.007817459441721441,68.20692443847656,2.822721212836525,0.6934031248092651,9.662865847349167,52,0.0126617431640625,0.00047920260578393937,0.0,0.3042694814323807,0.0,0.0,0.0,0.0,0.0,0.0,0.0,0.0,0.0,0.0,0.0,0.0,0.0,0.0,0.0,0.0,0.0,29.013562369736157,0.0,0.0,0.0,0.0,False,False,0,False,False,False,False
79,148,-0.002995487153530124,68.19243621826172,3.792959297570888,0.6952951550483704,8.049798756837845,52,0.017385864257812498,0.00038135141134262087,0.0,0.2973807318329239,0.0,0.0,0.0,0.0,0.0,0.0,0.0,0.0,0.0,0.0,0.0,0.0,0.0,0.0,0.0,0.0,0.0,20.303202921397403,0.0,0.0,0.0,0.0,False,False,0,False,False,False,False
79,149,0.0014507183805108036,68.17424774169922,4.50461599361796,0.6976600289344788,5.743463784456253,52,0.021826171874999998,0.00037545349448919296,0.0,0.2703318823694611,0.0,0.0,0.0,0.0,0.0,0.0,0.0,0.0,0.0,0.0,0.0,0.0,0.0,0.0,0.0,0.0,0.0,16.583572026060445,0.0,0.0,0.0,0.0,False,False,0,False,False,False,False
79,150,-0.01769003614783287,68.15534973144531,3.8998448583834544,0.6993995308876038,3.623363971710205,52,0.0226776123046875,0.02036764845252037,0.0,0.233528026473465,0.0,0.0,0.0,0.0,0.0,0.0,0.0,0.0,0.0,0.0,0.0,0.0,0.0,0.0,0.0,0.0,0.0,19.817945561900636,0.0,0.0,0.0,0.0,False,False,0,False,False,False,False
79,151,-0.08209308762103319,68.14786529541016,1.8191717899271111,0.6994152069091797,3.878588229417801,52,0.0089813232421875,0.011074410863220693,0.0,0.19306427491897585,0.0,0.0,0.0,0.06,0.0,0.0,0.0,0.0,0.0,0.0,0.0,0.0,0.0,0.0,0.0,0.0,0.0,57.820736796664185,0.0,0.0,0.0,0.0,False,False,0,False,False,False,False
79,152,-0.009276345893740654,68.13835906982422,2.5646912036898915,0.7004835605621338,7.524135410785675,52,0.011407470703125,0.0006838165968656541,0.0,0.15113360716098787,0.0,0.0,0.0,0.0,0.0,0.0,0.0,0.0,0.0,0.0,0.0,0.0,0.0,0.0,0.0,0.0,0.0,34.73626777964115,0.0,0.0,0.0,0.0,False,False,0,False,False,False,False
79,153,-0.006494307555258275,68.12643432617188,3.0597629606118533,0.7021008133888245,3.7401339411735535,52,0.0143096923828125,0.0008039999380707742,0.0,0.10921798659557345,0.0,0.0,0.0,0.0,0.0,0.0,0.0,0.0,0.0,0.0,0.0,0.0,0.0,0.0,0.0,0.0,0.0,27.42212050414553,0.0,0.0,0.0,0.0,False,False,0,False,False,False,False
79,154,-0.003061670660972595,68.1119613647461,3.6523220539373744,0.7040385007858276,4.121766686439514,52,0.0173675537109375,0.0004292243719100952,0.0,0.0673964471935654,0.0,0.0,0.0,0.0,0.0,0.0,0.0,0.0,0.0,0.0,0.0,0.0,0.0,0.0,0.0,0.0,0.0,21.910649887836136,0.0,0.0,0.0,0.0,False,False,0,False,False,False,False
79,155,-0.08281291130930185,68.10531616210938,0.02134885622350134,0.7047865390777588,3.3174929022789,52,0.0079742431640625,0.010787154473364353,0.0,0.02522108150714877,0.0,0.0,0.0,0.06,0.0,0.0,0.0,0.0,0.0,0.0,0.0,0.0,0.0,0.0,0.0,0.0,0.0,0.0,0.0,0.0,0.0,0.0,True,False,0,False,False,False,False
79,156,-0.08459864057600498,68.10443115234375,0.6873829667878318,0.7048935890197754,8.727701604366302,52,0.00106201171875,0.005660652294754982,0.0,0.0,0.0,0.0,0.0,0.06,0.0,0.0,0.0,0.0,0.0,0.0,0.0,0.0,0.0,0.0,0.0,0.0,0.0,0.0,0.0,0.0,0.0,0.0,True,False,0,False,False,False,False
79,157,-0.0739532108977437,68.09902954101562,1.6116335914803024,0.7056259512901306,10.632293969392776,52,0.00648193359375,0.00043514449149370196,0.0,0.0,0.0,0.0,0.0,0.06,0.0,0.0,0.0,0.0,0.0,0.0,0.0,0.0,0.0,0.0,0.0,0.0,0.0,78.3715387214196,0.0,0.0,0.0,0.0,True,False,0,False,False,False,False
79,158,-0.009273218661546708,68.08975219726562,2.556820376426732,0.7068921327590942,9.740416556596756,52,0.0111328125,0.00040603116154670717,0.0,0.0,0.0,0.0,0.0,0.0,0.0,0.0,0.0,0.0,0.0,0.0,0.0,0.0,0.0,0.0,0.0,0.0,0.0,36.41013815413882,0.0,0.0,0.0,0.0,True,False,0,False,False,False,False
79,159,-0.004802381694316866,68.0767593383789,3.4600105581159015,0.7086009383201599,7.645465135574341,52,0.0155914306640625,0.000393812358379364,0.0,0.0,0.0,0.0,0.0,0.0,0.0,0.0,0.0,0.0,0.0,0.0,0.0,0.0,0.0,0.0,0.0,0.0,0.0,24.10001506447612,0.0,0.0,0.0,0.0,True,False,0,False,False,False,False
79,160,-0.0009137654677033452,68.06047821044922,4.193222058337107,0.7107828259468079,5.247842520475388,52,0.019537353515624998,0.00045111898332834244,0.0,0.0,0.0,0.0,0.0,0.0,0.0,0.0,0.0,0.0,0.0,0.0,0.0,0.0,0.0,0.0,0.0,0.0,0.0,18.850977721067952,0.0,0.0,0.0,0.0,True,False,0,False,False,False,False
79,161,-0.02472490929067135,68.04307556152344,2.757682920544155,0.7140024900436401,3.18384513258934,52,0.0208831787109375,0.02560808800160885,0.0,0.0,0.0,0.0,0.0,0.0,0.0,0.0,0.0,0.0,0.0,0.0,0.0,0.0,0.0,0.0,0.0,0.0,0.0,33.78619645352446,0.0,0.0,0.0,0.0,True,False,0,False,False,False,False
79,162,-0.0875465291365981,68.03863525390625,1.0488063600262256,0.7147963643074036,6.0273756086826324,52,0.005328369140625,0.01287489827722311,0.0,0.0,0.0,0.0,0.0,0.06,0.0,0.0,0.0,0.0,0.0,0.0,0.0,0.0,0.0,0.0,0.0,0.0,0.0,383.3380818741395,0.0,0.0,0.0,0.0,True,False,0,False,False,False,False
79,163,-0.011181179247796536,68.03084564208984,2.192341438225639,0.7163224220275879,8.546436578035355,52,0.0093475341796875,0.0005287134274840355,0.0,0.0,0.0,0.0,0.0,0.0,0.0,0.0,0.0,0.0,0.0,0.0,0.0,0.0,0.0,0.0,0.0,0.0,0.0,49.994204732160156,0.0,0.0,0.0,0.0,True,False,0,False,False,False,False
79,164,-0.005311182998120785,68.01825714111328,3.222861728981804,0.718794047832489,8.219730108976364,52,0.015106201171875,0.0004173841699957848,0.0,0.0,0.0,0.0,0.0,0.0,0.0,0.0,0.0,0.0,0.0,0.0,0.0,0.0,0.0,0.0,0.0,0.0,0.0,27.390108457305296,0.0,0.0,0.0,0.0,True,False,0,False,False,False,False
79,165,-5.54982572794141e-06,68.0012435913086,4.187255921106008,0.7221509218215942,6.297071725130081,52,0.020416259765625,0.0004218095913529396,0.0,0.0,0.0,0.0,0.0,0.0,0.0,0.0,0.0,0.0,0.0,0.0,0.0,0.0,0.0,0.0,0.0,0.0,0.0,19.521009528358263,0.0,0.0,0.0,0.0,True,False,0,False,False,False,False
79,166,-0.007822336815297606,67.9843521118164,3.3881916791871087,0.7248058915138245,3.8865436613559723,52,0.020269775390624998,0.008092112205922604,0.0,0.0,0.0,0.0,0.0,0.0,0.0,0.0,0.0,0.0,0.0,0.0,0.0,0.0,0.0,0.0,0.0,0.0,0.0,26.390655531649625,0.0,0.0,0.0,0.0,True,False,0,False,False,False,False
79,167,-0.00992766465060413,67.97221374511719,3.184767027302939,0.7264541387557983,4.171915948390961,52,0.014566040039062499,0.004493704689666629,0.0,0.0,0.0,0.0,0.0,0.0,0.0,0.0,0.0,0.0,0.0,0.0,0.0,0.0,0.0,0.0,0.0,0.0,0.0,29.697324003299748,0.0,0.0,0.0,0.0,True,False,0,False,False,False,False
79,168,-0.0002996161766350286,67.95557403564453,4.159231460638745,0.729658305644989,4.545939266681671,52,0.0199676513671875,0.00026726754382252696,0.0,0.0,0.0,0.0,0.0,0.0,0.0,0.0,0.0,0.0,0.0,0.0,0.0,0.0,0.0,0.0,0.0,0.0,0.0,20.203644719400014,0.0,0.0,0.0,0.0,True,False,0,False,False,False,False
79,169,-0.02079291859641671,67.93905639648438,3.4634386742238905,0.7322677373886108,3.463830202817917,52,0.0198211669921875,0.02061408558860421,0.0,0.0,0.0,0.0,0.0,0.0,0.0,0.0,0.0,0.0,0.0,0.0,0.0,0.0,0.0,0.0,0.0,0.0,0.0,26.976021412084986,0.0,0.0,0.0,0.0,True,False,0,False,False,False,False
79,170,-0.08356158504378983,67.93314361572266,1.3248174298835784,0.7328479886054993,5.576447993516922,52,0.0070953369140625,0.01065692195785232,0.0,0.0,0.0,0.0,0.0,0.06,0.0,0.0,0.0,0.0,0.0,0.0,0.0,0.0,0.0,0.0,0.0,0.0,0.0,490.93392765605023,0.0,0.0,0.0,0.0,True,False,0,False,False,False,False
79,171,-0.00987066506757401,67.92469024658203,2.361415315967963,0.7344043254852295,13.145305886864662,52,0.01014404296875,1.47080363240093e-05,0.0,0.0,0.0,0.0,0.0,0.0,0.0,0.0,0.0,0.0,0.0,0.0,0.0,0.0,0.0,0.0,0.0,0.0,0.0,55.05028554410708,0.0,0.0,0.0,0.0,True,False,0,False,False,False,False
79,172,-0.004759034225717187,67.91143798828125,3.3817073294365523,0.7371355295181274,9.092754274606705,52,0.0159027099609375,0.000661744186654687,0.0,0.0,0.0,0.0,0.0,0.0,0.0,0.0,0.0,0.0,0.0,0.0,0.0,0.0,0.0,0.0,0.0,0.0,0.0,28.834919973187173,0.0,0.0,0.0,0.0,True,False,0,False,False,False,False
79,173,0.0003896299097687003,67.89414978027344,4.314829002962778,0.7405837774276733,12.168310582637787,52,0.020745849609375,0.0003562196996062994,0.0,0.0,0.0,0.0,0.0,0.0,0.0,0.0,0.0,0.0,0.0,0.0,0.0,0.0,0.0,0.0,0.0,0.0,0.0,20.36657350642038,0.0,0.0,0.0,0.0,True,False,0,False,False,False,False
79,174,0.0055961632169783115,67.8725814819336,5.330126858847709,0.7450392842292786,5.886782258749008,52,0.0258819580078125,0.00028579479083418847,0.0,0.0,0.0,0.0,0.0,0.0,0.0,0.0,0.0,0.0,0.0,0.0,0.0,0.0,0.0,0.0,0.0,0.0,0.0,15.206953140177296,0.0,0.0,0.0,0.0,True,False,0,False,False,False,False
79,175,0.010260343300178647,67.8470230102539,6.2286302365347845,0.7503340244293213,10.352603942155838,52,0.030670166015625,0.00027621294371783735,0.0,0.0,0.0,0.0,0.00013360977172851562,0.0,0.0,0.0,0.0,0.0,0.0,0.0,0.0,0.0,0.0,0.0,0.0,0.0,0.0,12.489085472171546,0.0,0.0,0.0,0.0,True,False,0,False,False,False,False
79,176,-0.007933880910277366,67.81769561767578,6.845570053100102,0.7566206455230713,2.996879070997238,52,0.03519287109375,0.020478493794798852,0.0,0.0,0.0,0.0,0.0026482582092285157,0.0,0.0,0.0,0.0,0.0,0.0,0.0,0.0,0.0,0.0,0.0,0.0,0.0,0.0,11.040660729745692,0.0,0.0,0.0,0.0,True,False,0,False,False,False,False
79,177,0.0025748502183705543,67.78582763671875,7.526229962938887,0.7633955478668213,9.344521164894104,52,0.0382415771484375,0.010308507783338427,0.0,0.0,0.0,0.0,0.005358219146728516,0.0,0.0,0.0,0.0,0.0,0.0,0.0,0.0,0.0,0.0,0.0,0.0,0.0,0.0,7.752479961699627,0.0,0.0,0.0,0.0,True,False,0,False,False,False,False
79,178,0.0124064403027296,67.75147247314453,8.042500764972358,0.7708420753479004,7.970530092716217,52,0.041226196289062496,0.00048292584717273717,0.0,0.0,0.0,0.0,0.008336830139160157,0.0,0.0,0.0,0.0,0.0,0.0,0.0,0.0,0.0,0.0,0.0,0.0,0.0,0.0,7.205086078918749,0.0,0.0,0.0,0.0,True,False,0,False,False,False,False
79,179,-0.015775956474244603,67.7178955078125,8.497448758986438,0.7758013010025024,2.076707035303116,51,0.0402923583984375,0.025747794471681122,0.0,0.0,0.0,0.0,0.010320520401000977,0.0,0.0,0.0,0.0,0.0,0.0,0.0,0.0,0.0,0.0,0.0,0.0,0.0,0.0,6.794212935679045,0.0,0.0,0.0,0.0,True,False,0,False,False,False,False
79,180,-0.005067950747907167,67.68426513671875,8.38314410112665,0.7805774211883545,0.0,51,0.040356445312499996,0.013193427585065365,0.0,0.0,0.0,0.0,0.012230968475341797,0.0,0.0,0.0,0.0,0.0,0.0,0.0,0.0,0.0,0.0,0.0,0.0,0.0,0.0,6.850225993213035,0.0,0.0,0.0,0.0,True,False,0,False,False,False,False
79,181,-0.0043581044673919635,67.65055084228516,8.249689866345552,0.7861623764038086,0.0,51,0.0404571533203125,0.01035030722618103,0.0,0.0,0.0,0.0,0.014464950561523438,0.0,0.0,0.0,0.0,0.0,0.0,0.0,0.0,0.0,0.0,0.0,0.0,0.0,0.0,6.918344291138069,0.0,0.0,0.0,0.0,True,False,0,False,False,False,False
79,182,-0.008460593335330484,67.6182861328125,7.809013949336403,0.7915489077568054,0.0,51,0.0387176513671875,0.01055868159979582,0.0,0.0,0.0,0.0,0.016619563102722168,0.0,0.0,0.0,0.0,0.0,0.0,0.0,0.0,0.0,0.0,0.0,0.0,0.0,0.0,7.267992104268677,0.0,0.0,0.0,0.0,True,False,0,False,False,False,False
79,183,-0.0123891693353653,67.58776092529297,7.525075641744507,0.7965539693832397,0.0,51,0.0366302490234375,0.010397830605506897,0.0,0.0,0.0,0.0,0.0186215877532959,0.0,0.0,0.0,0.0,0.0,0.0,0.0,0.0,0.0,0.0,0.0,0.0,0.0,0.0,7.499517101518641,0.0,0.0,0.0,0.0,True,False,0,False,False,False,False
79,184,-0.016461445987224585,67.55912780761719,6.991166657831751,0.8012384176254272,0.0,51,0.034359741210937496,0.010325820147991181,0.0,0.0,0.0,0.0,0.0204953670501709,0.0,0.0,0.0,0.0,0.0,0.0,0.0,0.0,0.0,0.0,0.0,0.0,0.0,0.0,8.03082941059471,0.0,0.0,0.0,0.0,True,False,0,False,False,False,False
79,185,-0.021961931008845574,67.53363037109375,5.433626267628567,0.8055111765861511,0.0,51,0.030596923828124997,0.01035438420251012,0.0,0.0,0.0,0.0,0.02220447063446045,0.0,0.0,0.0,0.0,0.0,0.0,0.0,0.0,0.0,0.0,0.0,0.0,0.0,0.0,10.289993606226485,0.0,0.0,0.0,0.0,True,False,0,False,False,False,False
79,186,-0.10102473417297006,67.52342987060547,0.7031591777521243,0.8073278069496155,1.2337088584899902,51,0.012240600585937499,0.010334211979061366,0.0,0.0,0.0,0.0,0.022931122779846193,0.06,0.0,0.0,0.0,0.0,0.0,0.0,0.0,0.0,0.0,0.0,0.0,0.0,0.0,79.27984414081604,0.0,0.0,0.0,0.0,True,False,0,False,False,False,False
79,187,-0.11334200955927372,67.52345275878906,0.00021215933758069206,0.8073282241821289,11.522022932767868,51,-2.7465820312499997e-05,0.010383254066109657,0.0,0.0,0.0,0.0,0.022931289672851563,0.06,0.0,0.0,0.0,0.0,0.0,0.0,0.0,0.0,0.0,0.0,0.0,0.0,0.0,0.0,0.0,0.0,0.0,0.0,True,False,0,False,False,False,False
79,188,-0.10156638044863939,67.52188873291016,0.6497682652167596,0.807572066783905,19.679888896644115,51,0.0018768310546875,0.00041438478976488116,0.0,0.0,0.0,0.0,0.023028826713562014,0.06,0.0,0.0,0.0,0.0,0.0,0.0,0.0,0.0,0.0,0.0,0.0,0.0,0.0,88.38096455084643,0.0,0.0,0.0,0.0,True,False,0,False,False,False,False
79,189,-0.09934025797992944,67.51830291748047,1.1613886719253068,0.8082889318466187,24.49088456109166,51,0.004302978515625,0.00032766375690698626,0.0,0.0,0.0,0.0,0.023315572738647462,0.06,0.0,0.0,0.0,0.0,0.0,0.0,0.0,0.0,0.0,0.0,0.0,0.0,0.0,49.75663758125269,0.0,0.0,0.0,0.0,True,False,0,False,False,False,False
79,190,-0.09694169456139207,67.5123291015625,1.7030357152949123,0.809295654296875,25.364201925694942,51,0.007168579101562499,0.00039201194420456886,0.0,0.0,0.0,0.0,0.02371826171875,0.06,0.0,0.0,0.0,0.0,0.0,0.0,0.0,0.0,0.0,0.0,0.0,0.0,0.0,35.000072732562366,0.0,0.0,0.0,0.0,True,False,0,False,False,False,False
79,191,-0.03401740871369839,67.50353240966797,2.630842645908919,0.8106533885002136,23.685101196169853,51,0.0105560302734375,0.0003120835870504379,0.0,0.0,0.0,0.0,0.02426135540008545,0.0,0.0,0.0,0.0,0.0,0.0,0.0,0.0,0.0,0.0,0.0,0.0,0.0,0.0,22.48623557824095,0.0,0.0,0.0,0.0,True,False,0,False,False,False,False
79,192,-0.03088180018588901,67.4914321899414,3.3884673570281283,0.8126369714736938,19.73977977409959,51,0.014520263671874999,0.0003472752682864666,0.0,0.0,0.0,0.0,0.02505478858947754,0.0,0.0,0.0,0.0,0.0,0.0,0.0,0.0,0.0,0.0,0.0,0.0,0.0,0.0,17.353993069751542,0.0,0.0,0.0,0.0,True,False,0,False,False,False,False
79,193,-0.027902860194444663,67.47606658935547,4.365598171939586,0.814940869808197,14.787888005375862,51,0.018438720703124998,0.00036523297429084776,0.0,0.0,0.0,0.0,0.02597634792327881,0.0,0.0,0.0,0.0,0.0,0.0,0.0,0.0,0.0,0.0,0.0,0.0,0.0,0.0,13.433429915184256,0.0,0.0,0.0,0.0,True,False,0,False,False,False,False
79,194,-0.025352927111089232,67.45755004882812,5.272097428118946,0.817717969417572,9.270952194929123,51,0.0222198486328125,0.000485587976872921,0.0,0.0,0.0,0.0,0.02708718776702881,0.0,0.0,0.0,0.0,0.0,0.0,0.0,0.0,0.0,0.0,0.0,0.0,0.0,0.0,11.036098202010168,0.0,0.0,0.0,0.0,True,False,0,False,False,False,False
79,195,-0.025946265384554867,67.4332504272461,6.047577142364731,0.823546826839447,5.667935460805893,51,0.0291595458984375,0.005687080547213555,0.0,0.0,0.0,0.0,0.02941873073577881,0.0,0.0,0.0,0.0,0.0,0.0,0.0,0.0,0.0,0.0,0.0,0.0,0.0,0.0,9.583386389600916,0.0,0.0,0.0,0.0,True,False,0,False,False,False,False
79,196,-0.04069901481270791,67.40483093261719,6.819099412807252,0.8310083150863647,2.984329015016556,51,0.0341033935546875,0.022399082332849506,0.0,0.0,0.0,0.0,0.0324033260345459,0.0,0.0,0.0,0.0,0.0,0.0,0.0,0.0,0.0,0.0,0.0,0.0,0.0,0.0,8.439704824742192,0.0,0.0,0.0,0.0,True,False,0,False,False,False,False
79,197,-0.0307628245651722,67.37499237060547,6.922051924352463,0.8388056755065918,0.0,51,0.0358062744140625,0.011046828776597977,0.0,0.0,0.0,0.0,0.03552227020263672,0.0,0.0,0.0,0.0,0.0,0.0,0.0,0.0,0.0,0.0,0.0,0.0,0.0,0.0,8.299372531901213,0.0,0.0,0.0,0.0,True,False,0,False,False,False,False
79,198,-0.03381709232926369,67.34522247314453,6.9374185972564355,0.8465878963470459,0.0,51,0.035723876953125,0.010905810743570329,0.0,0.0,0.0,0.0,0.03863515853881836,0.0,0.0,0.0,0.0,0.0,0.0,0.0,0.0,0.0,0.0,0.0,0.0,0.0,0.0,8.282656603645151,0.0,0.0,0.0,0.0,True,False,0,False,False,False,False
79,199,-0.03809461921453476,67.3164291381836,6.575238402173469,0.854232668876648,0.0,51,0.034552001953125,0.01095355361700058,0.0,0.0,0.0,0.0,0.041693067550659185,0.0,0.0,0.0,0.0,0.0,0.0,0.0,0.0,0.0,0.0,0.0,0.0,0.0,0.0,8.784811673030367,0.0,0.0,0.0,0.0,True,False,0,False,False,False,False
79,200,-0.04884838804602623,67.2947006225586,3.3270390245372505,0.8601535558700562,0.0,51,0.02607421875,0.010861184448003769,0.0,0.0,0.0,0.0,0.04406142234802246,0.0,0.0,0.0,0.0,0.0,0.0,0.0,0.0,0.0,0.0,0.0,0.0,0.0,0.0,19.24159018730698,0.0,0.0,0.0,0.0,True,False,0,False,False,False,False
79,201,-0.13116811975836754,67.291015625,0.002710480284697668,0.861191987991333,1.1104050278663635,51,0.0044219970703125,0.011113321632146836,0.0,0.0,0.0,0.0,0.044476795196533206,0.06,0.0,0.0,0.0,0.0,0.0,0.0,0.0,0.0,0.0,0.0,0.0,0.0,0.0,0.0,0.0,0.0,0.0,0.0,True,False,0,False,False,False,False
79,202,-0.1354674792289734,67.29104614257812,0.00013488105609565495,0.8611768484115601,8.748364001512527,51,-3.662109375e-05,0.010960118770599365,0.0,0.0,0.0,0.0,0.04447073936462403,0.06,0.0,0.0,0.0,0.0,0.0,0.0,0.0,0.0,0.0,0.0,0.0,0.0,0.0,0.0,0.0,0.0,0.0,0.0,True,False,0,False,False,False,False
79,203,-0.12407894760370254,67.2898178100586,0.3859689313830633,0.8615886569023132,13.78627136349678,51,0.0014739990234375,0.0009174838662147522,0.0,0.0,0.0,0.0,0.044635462760925296,0.06,0.0,0.0,0.0,0.0,0.0,0.0,0.0,0.0,0.0,0.0,0.0,0.0,0.0,0.0,0.0,0.0,0.0,0.0,True,False,0,False,False,False,False
79,204,-0.12182220116257668,67.28631591796875,1.0621510055721448,0.8625038862228394,15.640078783035278,51,0.0042022705078125,0.0010229171812534332,0.0,0.0,0.0,0.0,0.045001554489135745,0.06,0.0,0.0,0.0,0.0,0.0,0.0,0.0,0.0,0.0,0.0,0.0,0.0,0.0,190.8319975901254,0.0,0.0,0.0,0.0,True,False,0,False,False,False,False
79,205,-0.11906793378293515,67.27997589111328,1.7300880321118928,0.8642278909683228,15.868379026651382,51,0.0076080322265624995,0.000984809622168541,0.0,0.0,0.0,0.0,0.0456911563873291,0.06,0.0,0.0,0.0,0.0,0.0,0.0,0.0,0.0,0.0,0.0,0.0,0.0,0.0,59.58466673817004,0.0,0.0,0.0,0.0,True,False,0,False,False,False,False
79,206,-0.05594490639865399,67.27017974853516,2.5835797929840467,0.8668980598449707,14.142062366008759,51,0.01175537109375,0.0009410535544157029,0.0,0.0,0.0,0.0,0.04675922393798829,0.0,0.0,0.0,0.0,0.0,0.0,0.0,0.0,0.0,0.0,0.0,0.0,0.0,0.0,31.334818506816344,0.0,0.0,0.0,0.0,True,False,0,False,False,False,False
79,207,-0.05330156303942203,67.2570571899414,3.403787843375702,0.8704073429107666,10.93832865357399,51,0.0157470703125,0.0008856961876153946,0.0,0.0,0.0,0.0,0.04816293716430664,0.0,0.0,0.0,0.0,0.0,0.0,0.0,0.0,0.0,0.0,0.0,0.0,0.0,0.0,21.537101464854086,0.0,0.0,0.0,0.0,True,False,0,False,False,False,False
79,208,-0.050932689905166625,67.24040222167969,4.1899809674921675,0.8749239444732666,10.160726755857468,51,0.0199859619140625,0.0009490740299224853,0.0,0.0,0.0,0.0,0.04996957778930664,0.0,0.0,0.0,0.0,0.0,0.0,0.0,0.0,0.0,0.0,0.0,0.0,0.0,0.0,16.527377702052735,0.0,0.0,0.0,0.0,True,False,0,False,False,False,False
79,209,-0.048924138993024835,67.22038269042969,5.088802594281391,0.8803408145904541,10.988612025976181,51,0.024023437499999998,0.0008112506568431854,0.0,0.0,0.0,0.0,0.05213632583618164,0.0,0.0,0.0,0.0,0.0,0.0,0.0,0.0,0.0,0.0,0.0,0.0,0.0,0.0,13.040340301200937,0.0,0.0,0.0,0.0,True,False,0,False,False,False,False
79,210,-0.04711743280291558,67.19677734375,5.939718341686607,0.8866884112358093,9.977779984474182,51,0.028326416015624998,0.0007684843242168427,0.0,0.002862129771397113,0.0,0.0,0.05467536449432373,0.0,0.0,0.0,0.0,0.0,0.0,0.0,0.0,0.0,0.0,0.0,0.0,0.0,0.0,10.770886677910383,0.0,0.0,0.0,0.0,True,False,0,False,False,False,False
79,211,-0.05030385881662369,67.16768646240234,6.779515792911793,0.8961185216903687,8.164885640144348,51,0.034909057617187496,0.006765507757663727,0.0,0.01063752111165285,0.0,0.0,0.058447408676147464,0.0,0.0,0.0,0.0,0.0,0.0,0.0,0.0,0.0,0.0,0.0,0.0,0.0,0.0,9.214454354689675,0.0,0.0,0.0,0.0,True,False,0,False,False,False,False
79,212,-0.04523406878113746,67.133056640625,7.6452033508318475,0.9086613059043884,6.635633558034897,51,0.0415557861328125,0.003325332552194595,0.0,0.014998760783360003,0.0,0.0,0.06346452236175537,0.0,0.0,0.0,0.0,0.0,0.0,0.0,0.0,0.0,0.0,0.0,0.0,0.0,0.0,7.99789302445815,0.0,0.0,0.0,0.0,False,False,0,False,False,False,False
79,213,-0.06620414897799493,67.09544372558594,8.143030896942056,0.9223945140838623,0.3120213747024536,51,0.045135498046875,0.022381841391325,0.0,0.013430698477909564,0.0,0.0,0.06895780563354492,0.0,0.0,0.0,0.0,0.0,0.0,0.0,0.0,0.0,0.0,0.0,0.0,0.0,0.0,7.451874976559444,0.0,0.0,0.0,0.0,False,False,0,False,False,False,False
79,214,-0.06097618773579598,67.05734252929688,7.997628853295269,0.9364787340164185,0.0,51,0.045721435546875,0.012106129676103592,0.0,0.009814866149113177,0.0,0.0,0.07459149360656739,0.0,0.0,0.0,0.0,0.0,0.0,0.0,0.0,0.0,0.0,0.0,0.0,0.0,0.0,7.665759124465777,0.0,0.0,0.0,0.0,False,False,0,False,False,False,False
79,215,-0.07132179934531452,67.02243041992188,7.848269744715729,0.9479231238365173,0.0,49,0.04189453125,0.01404708106070757,0.0,0.0,0.0,0.0,0.07916924953460694,0.0,0.0,0.0,0.0,0.0,0.0,0.0,0.0,0.0,0.0,0.0,0.0,0.0,0.0,7.872746555887671,0.0,0.0,0.0,0.0,False,False,0,False,False,False,False
79,216,-0.07625886026769878,66.99009704589844,7.398491271268113,0.9578873515129089,0.0,49,0.038800048828124996,0.01190396849066019,0.0,0.0,0.0,0.0,0.08315494060516358,0.0,0.0,0.0,0.0,0.0,0.0,0.0,0.0,0.0,0.0,0.0,0.0,0.0,0.0,8.521991506511089,0.0,0.0,0.0,0.0,False,False,0,False,False,False,False
79,217,-0.08046261698007584,66.95895385742188,7.1217643653102805,0.9678516387939453,0.0,49,0.037371826171875,0.010693787634372712,0.0,0.011455154978916643,0.0,0.0,0.08714065551757813,0.0,0.0,0.0,0.0,0.0,0.0,0.0,0.0,0.0,0.0,0.0,0.0,0.0,0.0,8.933929571931507,0.0,0.0,0.0,0.0,False,False,0,False,False,False,False
79,218,-0.08719702653586865,66.9303970336914,6.0947653155335555,0.9769917726516724,1.2228311598300934,49,0.034268188476562496,0.0106685059517622,0.0,0.02695553358762026,0.0,0.0,0.09079670906066895,0.0,0.0,0.0,0.0,0.0,0.0,0.0,0.0,0.0,0.0,0.0,0.0,0.0,0.0,11.022346297173737,0.0,0.0,0.0,0.0,False,False,0,False,False,False,False
79,219,-0.16582640510052443,66.91583251953125,1.5693917469851768,0.9815546870231628,2.708662301301956,49,0.017477416992187498,0.01068194728344679,0.0,0.03390978273122072,0.0,0.0,0.09262187480926515,0.06,0.0,0.0,0.0,0.0,0.0,0.0,0.0,0.0,0.0,0.0,0.0,0.0,0.0,0.0,0.0,0.0,0.0,0.0,True,False,0,False,False,False,False
79,220,-0.18275667384266853,66.91535186767578,0.0006613397371048711,0.9816924929618835,7.855010032653809,49,0.0005767822265625,0.010656458884477615,0.0,0.04319192107884646,0.0,0.0,0.09267699718475342,0.06,0.0,0.0,0.0,0.0,0.0,0.0,0.0,0.0,0.0,0.0,0.0,0.0,0.0,0.0,0.0,0.0,0.0,0.0,True,False,0,False,False,False,False
79,221,-0.17163310565054418,66.91360473632812,0.5121992099930314,0.982272207736969,13.35305705666542,49,0.0020965576171875,0.0008207801729440689,0.0,0.06862911161153078,0.0,0.0,0.0929088830947876,0.06,0.0,0.0,0.0,0.0,0.0,0.0,0.0,0.0,0.0,0.0,0.0,0.0,0.0,0.0,0.0,0.0,0.0,0.0,True,False,0,False,False,False,False
79,222,-0.16944802679121496,66.90973663330078,1.1373334623882705,0.9835841655731201,15.535415634512901,49,0.0046417236328125,0.0006560841947793961,0.0,0.08585481580464602,0.0,0.0,0.09343366622924805,0.06,0.0,0.0,0.0,0.0,0.0,0.0,0.0,0.0,0.0,0.0,0.0,0.0,0.0,0.0,0.0,0.0,0.0,0.0,True,False,0,False,False,False,False
79,223,-0.16659423135221008,66.9027328491211,1.8283980820521357,0.9858881235122681,16.059739887714386,49,0.008404541015625,0.0006435229629278183,0.0,0.09130254324643373,0.0,0.0,0.09435524940490723,0.06,0.0,0.0,0.0,0.0,0.0,0.0,0.0,0.0,0.0,0.0,0.0,0.0,0.0,0.0,0.0,0.0,0.0,0.0,True,False,0,False,False,False,False
79,224,-0.10395034208893777,66.89237976074219,2.6972096283395564,0.9892449378967285,14.595883414149284,49,0.012423706054687499,0.0006760729849338532,0.0,0.1018091046449399,0.0,0.0,0.09569797515869141,0.0,0.0,0.0,0.0,0.0,0.0,0.0,0.0,0.0,0.0,0.0,0.0,0.0,0.0,141.44451891485255,0.0,0.0,0.0,0.0,True,False,0,False,False,False,False
79,225,-0.10135220710188152,66.8783187866211,3.4853906709134455,0.9939596652984619,11.599294021725655,49,0.0168731689453125,0.0006415099278092385,0.0,0.11121039744584323,0.0,0.0,0.09758386611938477,0.0,0.0,0.0,0.0,0.0,0.0,0.0,0.0,0.0,0.0,0.0,0.0,0.0,0.0,45.954051490005824,0.0,0.0,0.0,0.0,False,False,0,False,False,False,False
79,226,-0.0993342149630189,66.86061096191406,4.442710600798875,0.9999257922172546,8.707465678453445,49,0.0212493896484375,0.0006132877245545388,0.0,0.11699923750130892,0.0,0.0,0.09997031688690186,0.0,0.0,0.0,0.0,0.0,0.0,0.0,0.0,0.0,0.0,0.0,0.0,0.0,0.0,24.72857878878253,0.0,0.0,0.0,0.0,False,False,0,False,False,False,False
79,227,-0.09810677591711284,66.83956146240234,5.19654943905777,1.006960153579712,6.307882368564606,49,0.025259399414062498,0.0005821138992905617,0.0,0.13284171041218995,0.0,0.0,0.10278406143188477,0.0,0.0,0.0,0.0,0.0,0.0,0.0,0.0,0.0,0.0,0.0,0.0,0.0,0.0,18.427031266230824,0.0,0.0,0.0,0.0,False,False,0,False,False,False,False
79,228,-0.1171321140229702,66.81488037109375,6.147257297526193,1.015260934829712,0.0,49,0.0296173095703125,0.020645049661397935,0.0,0.15999901231496097,0.0,0.0,0.10610437393188477,0.0,0.0,0.0,0.0,0.0,0.0,0.0,0.0,0.0,0.0,0.0,0.0,0.0,0.0,13.711094890529,0.0,0.0,0.0,0.0,False,False,0,False,False,False,False
79,229,-0.11285010263323784,66.7864761352539,6.229403693778117,1.0261101722717285,0.0,49,0.034085083007812496,0.01649111673235893,0.0,0.23803219195573092,0.0,0.0,0.1104440689086914,0.0,0.0,0.0,0.0,0.0,0.0,0.0,0.0,0.0,0.0,0.0,0.0,0.0,0.0,13.942286071963887,0.0,0.0,0.0,0.0,False,False,0,False,False,False,False
79,230,-0.11256934985518456,66.75643920898438,6.412391311842125,1.0384854078292847,1.0033433139324188,49,0.0360443115234375,0.013219498246908188,0.0,0.21720834996669053,0.0,0.0,0.11539416313171387,0.0,0.0,0.0,0.0,0.0,0.0,0.0,0.0,0.0,0.0,0.0,0.0,0.0,0.0,13.740021473346545,0.0,0.0,0.0,0.0,False,False,0,False,False,False,False
79,231,-0.11790481314063073,66.72688293457031,5.9376832687457295,1.0511198043823242,0.0,49,0.035467529296875,0.012924420684576034,0.0,0.2612814965483403,0.0,0.0,0.12044792175292969,0.0,0.0,0.0,0.0,0.0,0.0,0.0,0.0,0.0,0.0,0.0,0.0,0.0,0.0,16.908627623139957,0.0,0.0,0.0,0.0,False,False,0,False,False,False,False
79,232,-0.12620070010423662,66.70077514648438,4.809933647109777,1.0618774890899658,0.7866691052913666,49,0.031329345703125,0.012779050171375275,0.0,0.24312906231848955,0.0,0.0,0.12475099563598634,0.0,0.0,0.0,0.0,0.0,0.0,0.0,0.0,0.0,0.0,0.0,0.0,0.0,0.0,31.87141157779746,0.0,0.0,0.0,0.0,False,False,0,False,False,False,False
79,233,-0.2076255539059639,66.69136047363281,0.6950249038449624,1.0656317472457886,0.0,49,0.011297607421875,0.01267046242952347,0.0,0.2597721585270619,0.0,0.0,0.12625269889831545,0.06,0.0,0.0,0.0,0.0,0.0,0.0,0.0,0.0,0.0,0.0,0.0,0.0,0.0,0.0,0.0,0.0,0.0,0.0,False,False,0,False,False,False,False
79,234,-0.21851088196039198,66.69140625,0.0005150910242535851,1.0656015872955322,4.324324429035187,49,-5.4931640624999995e-05,0.012215315401554107,0.0,0.25351888325183153,0.0,0.0,0.12624063491821289,0.06,0.0,0.0,0.0,0.0,0.0,0.0,0.0,0.0,0.0,0.0,0.0,0.0,0.0,0.0,0.0,0.0,0.0,0.0,False,False,0,False,False,False,False
79,235,-0.2115132626891136,66.69140625,0.0005644236745657493,1.0656015872955322,0.0,49,0.0,0.005272627770900726,0.0,0.3103508149844265,0.0,0.0,0.12624063491821289,0.06,0.0,0.0,0.0,0.0,0.0,0.0,0.0,0.0,0.0,0.0,0.0,0.0,0.0,0.0,0.0,0.0,0.0,0.0,False,False,0,False,False,False,False
79,236,-0.20898505590856073,66.69072723388672,0.018452783039585627,1.0658912658691406,4.386461824178696,49,0.0008148193359375,0.003443368896842003,0.0,0.24597353693215607,0.0,0.0,0.12635650634765624,0.06,0.0,0.0,0.0,0.0,0.0,0.0,0.0,0.0,0.0,0.0,0.0,0.0,0.0,0.0,0.0,0.0,0.0,0.0,False,False,0,False,False,False,False
79,237,-0.21182050347328185,66.69034576416016,0.0005003738641219811,1.066074252128601,0.0,49,0.000457763671875,0.005848566293716431,0.0,0.2881982123491025,0.0,0.0,0.12642970085144042,0.06,0.0,0.0,0.0,0.0,0.0,0.0,0.0,0.0,0.0,0.0,0.0,0.0,0.0,0.0,0.0,0.0,0.0,0.0,False,False,0,False,False,False,False
79,238,-0.20978342846035955,66.68972778320312,0.02634453959993069,1.066333532333374,4.6404750645160675,49,0.0007415771484375,0.003991592675447464,0.0,0.2738621404406285,0.0,0.0,0.1265334129333496,0.06,0.0,0.0,0.0,0.0,0.0,0.0,0.0,0.0,0.0,0.0,0.0,0.0,0.0,0.0,0.0,0.0,0.0,0.0,False,False,0,False,False,False,False
79,239,-0.2107600226998329,66.68936157226562,0.00027893227507174155,1.066486120223999,0.0,49,0.00043945312499999996,0.004605027735233307,0.0,0.26200718965499165,0.0,0.0,0.1265944480895996,0.06,0.0,0.0,0.0,0.0,0.0,0.0,0.0,0.0,0.0,0.0,0.0,0.0,0.0,0.0,0.0,0.0,0.0,0.0,False,False,0,False,False,False,False
79,240,-0.20935629747807977,66.68878936767578,0.0314219884875405,1.066745400428772,4.483753591775894,49,0.0006866455078125,0.003344782814383507,0.0,0.22030711408822298,0.0,0.0,0.12669816017150878,0.06,0.0,0.0,0.0,0.0,0.0,0.0,0.0,0.0,0.0,0.0,0.0,0.0,0.0,0.0,0.0,0.0,0.0,0.0,False,False,0,False,False,False,False
79,241,-0.20760948628187179,66.68791961669922,0.31378707239102194,1.0671420097351074,0.0,49,0.0010437011718749999,0.001796383559703827,0.0,0.1897029348847127,0.0,0.0,0.12685680389404297,0.06,0.0,0.0,0.0,0.0,0.0,0.0,0.0,0.0,0.0,0.0,0.0,0.0,0.0,134.9539099643364,0.0,0.0,0.0,0.0,False,False,0,False,False,False,False
79,242,-0.20743033807724715,66.68590545654297,0.5196268693925231,1.0680270195007324,3.156339079141617,49,0.0024169921875,0.002636522464454174,0.0,0.14951382275788547,0.0,0.0,0.12721080780029298,0.06,0.0,0.0,0.0,0.0,0.0,0.0,0.0,0.0,0.0,0.0,0.0,0.0,0.0,81.44259770644993,0.0,0.0,0.0,0.0,False,False,0,False,False,False,False
79,243,-0.2277850258350372,66.68523406982422,0.0002588486240243441,1.0682101249694824,0.0,49,0.0008056640625,0.02130663990974426,0.0,0.1145211177703595,0.0,0.0,0.12728404998779297,0.06,0.0,0.0,0.0,0.0,0.0,0.0,0.0,0.0,0.0,0.0,0.0,0.0,0.0,0.0,0.0,0.0,0.0,0.0,False,False,0,False,False,False,False
79,244,-0.2186682118475437,66.68490600585938,0.3566447859671464,1.068347454071045,19.208566769957542,49,0.0003936767578125,0.011722906976938247,0.0,0.06583488818375825,0.0,0.0,0.12733898162841797,0.06,0.0,0.0,0.0,0.0,0.0,0.0,0.0,0.0,0.0,0.0,0.0,0.0,0.0,118.38384602158591,0.0,0.0,0.0,0.0,False,False,0,False,False,False,False
79,245,-0.20752608984708784,66.6817398071289,0.8728002871090903,1.0697818994522095,19.510016553103924,49,0.0037994384765625,0.003412768542766571,0.0,0.04061127122609377,0.0,0.0,0.1279127597808838,0.06,0.0,0.0,0.0,0.0,0.0,0.0,0.0,0.0,0.0,0.0,0.0,0.0,0.0,47.96002546265665,0.0,0.0,0.0,0.0,True,False,0,False,False,False,False
79,246,-0.20582460030913355,66.6758804321289,1.4468386370353443,1.072131633758545,20.41123492643237,49,0.007031249999999999,0.004003196805715561,0.0,0.00029560979573488137,0.0,0.0,0.12885265350341799,0.06,0.0,0.0,0.0,0.0,0.0,0.0,0.0,0.0,0.0,0.0,0.0,0.0,0.0,28.874070038241157,0.0,0.0,0.0,0.0,True,False,0,False,False,False,False
79,247,-0.14506517767906188,66.66574096679688,2.3878182307510243,1.0766385793685913,16.97419311851263,49,0.0121673583984375,0.006577104330062866,0.0,0.0,0.0,0.0,0.13065543174743652,0.0,0.0,0.0,0.0,0.0,0.0,0.0,0.0,0.0,0.0,0.0,0.0,0.0,0.0,17.51291106824881,0.0,0.0,0.0,0.0,True,False,0,False,False,False,False
79,248,-0.1401071999967098,66.65203857421875,3.0950344903603257,1.082605004310608,15.605561435222626,49,0.01644287109375,0.0035080693662166594,0.0,0.0,0.0,0.0,0.13304200172424316,0.0,0.0,0.0,0.0,0.0,0.0,0.0,0.0,0.0,0.0,0.0,0.0,0.0,0.0,13.422995450958345,0.0,0.0,0.0,0.0,True,False,0,False,False,False,False
79,249,-0.13734523862600329,66.63378143310547,4.028287005352337,1.0908299684524536,12.41637334227562,49,0.0219085693359375,0.00292182058095932,0.0,0.0,0.0,0.0,0.13633198738098146,0.0,0.0,0.0,0.0,0.0,0.0,0.0,0.0,0.0,0.0,0.0,0.0,0.0,0.0,10.244445854594455,0.0,0.0,0.0,0.0,True,False,0,False,False,False,False
79,250,-0.13588261127471923,66.61149597167969,5.009853427491959,1.1009776592254639,9.493023008108139,49,0.0267425537109375,0.0022341012954711914,0.0,0.0,0.0,0.0,0.14039106369018556,0.0,0.0,0.0,0.0,0.0,0.0,0.0,0.0,0.0,0.0,0.0,0.0,0.0,0.0,8.477434063544004,0.0,0.0,0.0,0.0,True,False,0,False,False,False,False
79,251,-0.13524093717336655,66.58482360839844,5.766073802289082,1.1131091117858887,6.488168388605118,49,0.0320068359375,0.002004128396511078,0.0,0.010359582161724126,0.0,0.0,0.14524364471435547,0.0,0.0,0.0,0.0,0.0,0.0,0.0,0.0,0.0,0.0,0.0,0.0,0.0,0.0,7.673887003312407,0.0,0.0,0.0,0.0,True,False,0,False,False,False,False
79,252,-0.1560361035168171,66.5541000366211,6.608923606597409,1.1271175146102905,3.6060261726379395,49,0.0368682861328125,0.022057383805513385,0.0,0.020462798332988773,0.0,0.0,0.15084700584411623,0.0,0.0,0.0,0.0,0.0,0.0,0.0,0.0,0.0,0.0,0.0,0.0,0.0,0.0,6.808394407794229,0.0,0.0,0.0,0.0,True,False,0,False,False,False,False
79,253,-0.14927482411265372,66.5215072631836,6.732844856086434,1.1419804096221924,0.7811960577964783,49,0.039111328125,0.01159398838877678,0.0,0.027413378214656867,0.0,0.0,0.15679216384887695,0.0,0.0,0.0,0.0,0.0,0.0,0.0,0.0,0.0,0.0,0.0,0.0,0.0,0.0,6.779246491207075,0.0,0.0,0.0,0.0,True,False,0,False,False,False,False
79,254,-0.15972352772951126,66.4870376586914,6.768874267006205,1.1588581800460815,0.0,49,0.041363525390624996,0.017543781101703643,0.0,0.03760320827943043,0.0,0.0,0.16354327201843263,0.0,0.0,0.0,0.0,0.0,0.0,0.0,0.0,0.0,0.0,0.0,0.0,0.0,0.0,6.8305594853750256,0.0,0.0,0.0,0.0,True,False,0,False,False,False,False
79,255,-0.16172446697950363,66.4509506225586,6.458492192358772,1.1781336069107056,2.0625852048397064,49,0.043304443359375,0.013775467574596405,0.0,0.04762174174767689,0.0,0.0,0.17125344276428223,0.0,0.0,0.0,0.0,0.0,0.0,0.0,0.0,0.0,0.0,0.0,0.0,0.0,0.0,7.315644463607936,0.0,0.0,0.0,0.0,False,False,0,False,False,False,False
79,256,-0.17367763608694076,66.41899108886719,5.384259237948347,1.1950162649154663,4.971879422664642,49,0.0383514404296875,0.014022570550441742,0.0,0.061124110674678836,0.0,0.0,0.17800650596618653,0.0,0.0,0.0,0.0,0.0,0.0,0.0,0.0,0.0,0.0,0.0,0.0,0.0,0.0,9.385340011157506,0.0,0.0,0.0,0.0,True,False,0,False,False,False,False
79,257,-0.2566506990790367,66.40410614013672,1.1855320702687877,1.2024531364440918,8.051864057779312,49,0.0178619384765625,0.013531382977962494,0.0,0.07347143456917957,0.0,0.0,0.18098125457763672,0.06,0.0,0.0,0.0,0.0,0.0,0.0,0.0,0.0,0.0,0.0,0.0,0.0,0.0,0.0,0.0,0.0,0.0,0.0,True,False,0,False,False,False,False
79,258,-0.2553626373410225,66.39539337158203,1.9019108627479668,1.2069904804229736,16.600002497434616,49,0.010455322265624999,0.0030217674374580384,0.0,0.0941016022918816,0.0,0.0,0.18279619216918946,0.06,0.0,0.0,0.0,0.0,0.0,0.0,0.0,0.0,0.0,0.0,0.0,0.0,0.0,151.6307492394964,0.0,0.0,0.0,0.0,True,False,0,False,False,False,False
79,259,-0.1942640006542206,66.38261413574219,2.6809513838639307,1.2139438390731812,20.14004984870553,49,0.0153350830078125,0.00402154803276062,0.0,0.10768632040005878,0.0,0.0,0.18557753562927248,0.0,0.0,0.0,0.0,0.0,0.0,0.0,0.0,0.0,0.0,0.0,0.0,0.0,0.0,41.56138479156199,0.0,0.0,0.0,0.0,False,False,0,False,False,False,False
79,260,-0.19163348972797392,66.3649673461914,3.5578091041128452,1.223757028579712,21.171230636537075,49,0.0211761474609375,0.0033068257570266725,0.0,0.11689629659634784,0.0,0.0,0.18950281143188477,0.0,0.0,0.0,0.0,0.0,0.0,0.0,0.0,0.0,0.0,0.0,0.0,0.0,0.0,22.71409165586849,0.0,0.0,0.0,0.0,False,False,0,False,False,False,False
79,261,-0.1909085062146187,66.3425064086914,4.314080060856029,1.2362438440322876,20.346385817974806,49,0.026953124999999998,0.003364093601703644,0.0,0.1260532133339043,0.0,0.0,0.19449753761291505,0.0,0.0,0.0,0.0,0.0,0.0,0.0,0.0,0.0,0.0,0.0,0.0,0.0,0.0,16.426570958940694,0.0,0.0,0.0,0.0,False,False,0,False,False,False,False
79,262,-0.19100774675607682,66.31523895263672,5.248839899435481,1.2514511346817017,18.43621965497732,49,0.032720947265625,0.003148240149021149,0.0,0.13350126788598254,0.0,0.0,0.20058045387268067,0.0,0.0,0.0,0.0,0.0,0.0,0.0,0.0,0.0,0.0,0.0,0.0,0.0,0.0,12.099512751401052,0.0,0.0,0.0,0.0,False,False,0,False,False,False,False
79,263,-0.1921469309926033,66.28273010253906,6.150906829993214,1.269760251045227,15.831257924437523,49,0.0390106201171875,0.0032534506916999818,0.0,0.1435229717252846,0.0,0.0,0.20790410041809082,0.0,0.0,0.0,0.0,0.0,0.0,0.0,0.0,0.0,0.0,0.0,0.0,0.0,0.0,9.620296307661485,0.0,0.0,0.0,0.0,False,False,0,False,False,False,False
79,264,-0.19888016879558565,66.24341583251953,7.171095683447033,1.2929109334945679,16.313271671533585,48,0.047177124023437496,0.008892919421195983,0.0,0.16251199767571642,0.0,0.0,0.21716437339782715,0.0,0.0,0.0,0.0,0.0,0.0,0.0,0.0,0.0,0.0,0.0,0.0,0.0,0.0,7.82715475187278,0.0,0.0,0.0,0.0,False,False,0,False,False,False,False
79,265,-0.2005855271220207,66.1982421875,8.085086591116305,1.3197524547576904,16.122594103217125,48,0.0542083740234375,0.006892919242382049,0.0,0.16167278275471883,0.0,0.0,0.22790098190307617,0.0,0.0,0.0,0.0,0.0,0.0,0.0,0.0,0.0,0.0,0.0,0.0,0.0,0.0,6.624483743592497,0.0,0.0,0.0,0.0,False,False,0,False,False,False,False
79,266,-0.2029651525616646,66.14862823486328,9.07624996522065,1.3488398790359497,11.626296490430832,48,0.059536743164062496,0.0029659441113471987,0.0,0.16204920396786884,0.0,0.0,0.2395359516143799,0.0,0.0,0.0,0.0,0.0,0.0,0.0,0.0,0.0,0.0,0.0,0.0,0.0,0.0,5.644733938339754,0.0,0.0,0.0,0.0,False,False,0,False,False,False,False
79,267,-0.22820655822753907,66.09404754638672,9.86111629258851,1.3809810876846313,8.330895602703094,48,0.065496826171875,0.021310949325561525,0.0,0.16925967380982593,0.0,0.0,0.25239243507385256,0.0,0.0,0.0,0.0,0.0,0.0,0.0,0.0,0.0,0.0,0.0,0.0,0.0,0.0,5.012717817464609,0.0,0.0,0.0,0.0,False,False,0,False,False,False,False
79,268,-0.23072970658540726,66.03665924072266,10.178868479763398,1.4149785041809082,6.5124450623989105,48,0.068865966796875,0.013604271709918977,0.0,0.1774243448732491,0.0,0.0,0.2659914016723633,0.0,0.0,0.0,0.0,0.0,0.0,0.0,0.0,0.0,0.0,0.0,0.0,0.0,0.0,4.770090318818197,0.0,0.0,0.0,0.0,False,False,0,False,False,False,False
79,269,-0.2427787409722805,65.97858428955078,10.158212579522127,1.4497416019439697,5.8590589463710785,48,0.06968994140625,0.01257204160094261,0.0,0.1875453279970284,0.0,0.0,0.2798966407775879,0.0,0.0,0.0,0.0,0.0,0.0,0.0,0.0,0.0,0.0,0.0,0.0,0.0,0.0,4.7149181294995985,0.0,0.0,0.0,0.0,False,False,0,False,False,False,False
79,270,-0.25720270052552224,65.92105865478516,9.971709958818021,1.4844964742660522,6.160450726747513,48,0.06903076171875,0.012434872537851334,0.0,0.19457347736340716,0.0,0.0,0.2937985897064209,0.0,0.0,0.0,0.0,0.0,0.0,0.0,0.0,0.0,0.0,0.0,0.0,0.0,0.0,4.914558533571111,0.0,0.0,0.0,0.0,False,False,0,False,False,False,False
79,271,-0.2723430697619916,65.8648452758789,9.670994258356732,1.5187426805496216,7.018949389457703,48,0.0674560546875,0.012302052229642868,0.0,0.21112558231335835,0.0,0.0,0.3074970722198487,0.0,0.0,0.0,0.0,0.0,0.0,0.0,0.0,0.0,0.0,0.0,0.0,0.0,0.0,5.156642511432845,0.0,0.0,0.0,0.0,False,False,0,False,False,False,False
79,272,-0.29213306397199634,65.80844116210938,9.267130695627692,1.554338812828064,8.487886637449265,48,0.0676849365234375,0.01808247536420822,0.0,0.21897374734860614,0.0,0.0,0.3217355251312256,0.0,0.0,0.0,0.0,0.0,0.0,0.0,0.0,0.0,0.0,0.0,0.0,0.0,0.0,5.843064876449674,0.0,0.0,0.0,0.0,False,False,0,False,False,False,False
79,273,-0.30193319320678713,65.75081634521484,9.033110432550078,1.5923367738723755,11.342204287648201,48,0.0691497802734375,0.014148263931274415,0.0,0.22908402845841602,0.0,0.0,0.3369347095489502,0.0,0.0,0.0,0.0,0.0,0.0,0.0,0.0,0.0,0.0,0.0,0.0,0.0,0.0,6.26955976501674,0.0,0.0,0.0,0.0,False,False,0,False,False,False,False
79,274,-0.3068758583068848,65.69219970703125,9.033918121060362,1.6316896677017212,12.789395526051521,48,0.0703399658203125,0.004539957046508789,0.0,0.2418813358305092,0.0,0.0,0.3526758670806885,0.0,0.0,0.0,0.0,0.0,0.0,0.0,0.0,0.0,0.0,0.0,0.0,0.0,0.0,6.54956244380593,0.0,0.0,0.0,0.0,False,False,0,False,False,False,False
79,275,-0.32179071009159094,65.63214874267578,9.33326691481081,1.6722056865692139,14.742482230067253,48,0.07206115722656249,0.004969592690467834,0.0,0.2476685907004471,0.0,0.0,0.3688822746276856,0.0,0.0,0.0,0.0,0.0,0.0,0.0,0.0,0.0,0.0,0.0,0.0,0.0,0.0,5.950664104221621,0.0,0.0,0.0,0.0,False,False,0,False,False,False,False
79,276,-0.33367019057273867,65.56877899169922,9.865931336134103,1.7152994871139526,15.559275224804878,48,0.07604370117187499,0.0035940968990325925,0.0,0.2667266325710411,0.0,0.0,0.38611979484558107,0.0,0.0,0.0,0.0,0.0,0.0,0.0,0.0,0.0,0.0,0.0,0.0,0.0,0.0,5.862011860732928,0.0,0.0,0.0,0.0,False,False,0,False,False,False,False
79,277,-0.346088933646679,65.5000228881836,10.546830516619687,1.7626831531524658,16.178013905882835,47,0.08250732421875,0.0035229966044425963,0.0,0.27268736467343524,0.0,0.0,0.40507326126098636,0.0,0.0,0.0,0.0,0.0,0.0,0.0,0.0,0.0,0.0,0.0,0.0,0.0,0.0,5.662927506723965,0.0,0.0,0.0,0.0,False,False,0,False,False,False,False
79,278,-0.3811966249346733,65.4267349243164,11.141617376529387,1.8134087324142456,6.467646807432175,47,0.08794555664062499,0.023778688609600068,0.0,0.29576247588378146,0.0,0.0,0.42536349296569825,0.0,0.0,0.0,0.0,0.0,0.0,0.0,0.0,0.0,0.0,0.0,0.0,0.0,0.0,5.475257048333133,0.0,0.0,0.0,0.0,False,False,0,False,False,False,False
79,279,-0.393005747795105,65.34879302978516,11.245362146051034,1.8686705827713013,4.400799572467804,47,0.09353027343749999,0.019067788124084474,0.0,0.31463249624353606,0.0,0.0,0.4474682331085205,0.0,0.0,0.0,0.0,0.0,0.0,0.0,0.0,0.0,0.0,0.0,0.0,0.0,0.0,5.825357224841728,0.0,0.0,0.0,0.0,False,False,0,False,False,False,False
79,280,-0.4133761370182038,65.26563262939453,11.004651569865276,1.9302520751953125,5.944756865501404,47,0.09979248046875,0.021067787408828736,0.0,0.30586789683085636,0.0,0.0,0.47210083007812503,0.0,0.0,0.0,0.0,0.0,0.0,0.0,0.0,0.0,0.0,0.0,0.0,0.0,0.0,7.542350390310471,0.0,0.0,0.0,0.0,False,False,0,False,False,False,False
79,281,-0.4354053443670273,65.18128204345703,10.938566632526763,1.9938956499099731,11.470058485865593,47,0.10122070312499999,0.019067787528038026,0.0,0.30460871235114295,0.0,0.0,0.4975582599639893,0.0,0.0,0.0,0.0,0.0,0.0,0.0,0.0,0.0,0.0,0.0,0.0,0.0,0.0,9.040521789767089,0.0,0.0,0.0,0.0,False,False,0,False,False,False,False
79,282,-0.4468694970011712,65.09630584716797,11.059392785338373,2.0582430362701416,13.30244779586792,46,0.101971435546875,0.005543718039989471,0.0,0.32039530143719863,0.0,0.0,0.5232972145080567,0.0,0.0,0.0,0.0,0.0,0.0,0.0,0.0,0.0,0.0,0.0,0.0,0.0,0.0,11.186404210326389,0.0,0.0,0.0,0.0,False,False,0,False,False,False,False
79,283,-0.4694879087805748,65.00863647460938,11.437818166288128,2.125138998031616,14.788714125752449,46,0.10520324707031249,0.004635556638240814,0.0,0.33117041901332095,0.0,0.0,0.5500555992126465,0.0,0.0,0.0,0.0,0.0,0.0,0.0,0.0,0.0,0.0,0.0,0.0,0.0,0.0,11.59419153417612,0.0,0.0,0.0,0.0,False,False,0,False,False,False,False
79,284,-0.49273101210594183,64.91659545898438,12.014228076528855,2.1958470344543457,16.893419064581394,46,0.11044921875,0.004841417074203491,0.0,0.3144075809476967,0.0,0.0,0.5783388137817383,0.0,0.0,0.0,0.0,0.0,0.0,0.0,0.0,0.0,0.0,0.0,0.0,0.0,0.0,11.716193795227824,0.0,0.0,0.0,0.0,False,False,0,False,False,False,False
79,285,-0.5193612682819366,64.81597900390625,12.705614303802433,2.2746152877807617,18.702381625771523,46,0.12073974609374999,0.010254899263381958,0.0,0.33876527220588876,0.0,0.0,0.6098461151123047,0.0,0.0,0.0,0.0,0.0,0.0,0.0,0.0,0.0,0.0,0.0,0.0,0.0,0.0,11.020147844514964,0.0,0.0,0.0,0.0,False,False,0,False,False,False,False
79,286,-0.5387038260698318,64.70478820800781,13.518952326032181,2.36346435546875,22.75772290304303,46,0.133428955078125,0.006747038960456848,0.0,0.33880856305938917,0.0,0.0,0.6453857421875,0.0,0.0,0.0,0.0,0.0,0.0,0.0,0.0,0.0,0.0,0.0,0.0,0.0,0.0,10.805195590410335,0.0,0.0,0.0,0.0,False,False,0,False,False,False,False
79,287,-0.56638274371624,64.58484649658203,14.397061422912973,2.4598634243011475,25.48079688102007,46,0.1439300537109375,0.006367427706718445,0.0,0.32339963839036184,0.0,0.0,0.683945369720459,0.0,0.0,0.0,0.0,0.0,0.0,0.0,0.0,0.0,0.0,0.0,0.0,0.0,0.0,9.063803259813843,0.0,0.0,0.0,0.0,False,False,0,False,False,False,False
79,288,-0.596208967268467,64.45643615722656,15.281103300967017,2.5616233348846436,27.302511669695377,46,0.1540924072265625,0.005652040541172028,0.0,0.349622909954011,0.0,0.0,0.7246493339538574,0.0,0.0,0.0,0.0,0.0,0.0,0.0,0.0,0.0,0.0,0.0,0.0,0.0,0.0,8.329910002719823,0.0,0.0,0.0,0.0,False,False,0,False,False,False,False
79,289,-0.6278263643383981,64.3193359375,16.1499407739885,2.668468952178955,28.480455055832863,46,0.164520263671875,0.004959047138690949,0.0,0.3410899990854855,0.0,0.0,0.7673875808715821,0.0,0.0,0.0,0.0,0.0,0.0,0.0,0.0,0.0,0.0,0.0,0.0,0.0,0.0,7.100748328457176,0.0,0.0,0.0,0.0,False,False,0,False,False,False,False
79,290,-0.6518461328744889,64.17388153076172,17.0132889612105,2.754040002822876,29.544270113110542,46,0.1745452880859375,0.00477541983127594,0.0,0.30888846383076857,0.0,0.0,0.8016160011291504,0.0,0.0,0.0,0.0,0.0,0.0,0.0,0.0,0.0,0.0,0.0,0.0,0.0,0.0,6.563502296364928,0.0,0.0,0.0,0.0,False,False,0,False,False,False,False
79,291,-0.6845169526338578,64.01769256591797,17.748958262472254,2.8549516201019287,26.91361617296934,46,0.18742675781249998,0.009963062405586243,0.0,0.3497610081790085,0.0,0.0,0.8419806480407716,0.0,0.0,0.0,0.0,0.0,0.0,0.0,0.0,0.0,0.0,0.0,0.0,0.0,0.0,6.569890811307637,0.0,0.0,0.0,0.0,False,False,0,False,False,False,False
79,292,-0.7063117486238479,63.84712219238281,18.414904036545536,2.950859785079956,29.835741072893143,46,0.20468444824218748,0.01065228283405304,0.0,0.34250963330846984,0.0,0.0,0.8803439140319824,0.0,0.0,0.0,0.0,0.0,0.0,0.0,0.0,0.0,0.0,0.0,0.0,0.0,0.0,9.58384855171031,0.0,0.0,0.0,0.0,False,False,0,False,False,False,False
79,293,-0.7313321089744569,63.664127349853516,19.264228046291343,3.053499460220337,36.32575750350952,46,0.21959381103515624,0.009526135921478272,0.0,0.30561883763056946,0.0,0.0,0.9213997840881348,0.0,0.0,0.0,0.0,0.0,0.0,0.0,0.0,0.0,0.0,0.0,0.0,0.0,0.0,10.332341935490732,0.0,0.0,0.0,0.0,False,False,0,False,False,False,False
79,294,-0.7573739585280419,63.47712326049805,19.391246501048553,3.1379456520080566,38.884582221508026,46,0.2244049072265625,0.006600604951381684,0.0,0.26647853896599966,0.0,0.0,0.9551782608032227,0.0,0.0,0.0,0.0,0.0,0.0,0.0,0.0,0.0,0.0,0.0,0.0,0.0,0.0,648.0249197186421,0.0,0.0,0.0,0.0,False,False,0,False,False,False,False
79,295,-0.7884354460239411,63.28446960449219,19.575122767095664,3.2229204177856445,37.940247505903244,45,0.23118438720703124,0.010451666116714478,0.0,0.23509164020997242,0.0,0.0,0.9891681671142578,0.0,0.0,0.0,0.0,0.0,0.0,0.0,0.0,0.0,0.0,0.0,0.0,0.0,0.0,0.0,0.0,0.0,0.0,0.0,False,False,0,False,False,False,False
79,296,-0.8067108654975892,63.083595275878906,19.778699082729062,3.292795181274414,42.48885154724121,45,0.2410491943359375,0.010641987323760987,0.0,0.2949682496545906,0.0,0.0,1.0171180725097657,0.0,0.0,0.0,0.0,0.0,0.0,0.0,0.0,0.0,0.0,0.0,0.0,0.0,0.0,0.0,0.0,0.0,0.0,0.0,False,False,0,False,False,False,False
79,297,-0.8204929906129839,62.87177276611328,20.54563782297353,3.362078905105591,45.0,45,0.25418701171874997,0.009848440289497376,0.0,0.25413350836020665,0.0,0.0,1.0448315620422364,0.0,0.0,0.0,0.0,0.0,0.0,0.0,0.0,0.0,0.0,0.0,0.0,0.0,0.0,0.0,0.0,0.0,0.0,0.0,False,False,0,False,False,False,False
79,298,-0.8327133274078369,62.64790725708008,21.012101955331627,3.4237587451934814,45.0,44,0.26863861083984375,0.011848440170288087,0.0,0.22083892331105426,0.0,0.0,1.0695034980773925,0.0,0.0,0.0,0.0,0.0,0.0,0.0,0.0,0.0,0.0,0.0,0.0,0.0,0.0,0.0,0.0,0.0,0.0,0.0,False,False,0,False,False,False,False
79,299,-0.8321536427736282,62.41208267211914,21.482354850591086,3.4654386043548584,45.0,44,0.282989501953125,0.008967702984809875,0.0,0.17945758268815235,0.0,0.0,1.0861754417419434,0.0,0.0,0.0,0.0,0.0,0.0,0.0,0.0,0.0,0.0,0.0,0.0,0.0,0.0,0.0,0.0,0.0,0.0,0.0,False,False,0,False,False,False,False
79,300,-0.7997512555122377,62.162410736083984,21.95913866907081,3.4128401279449463,45.0,44,0.2996063232421875,0.014221527576446534,0.0,0.23061311290246203,0.0,0.0,1.0651360511779786,0.0,0.0,0.0,0.0,0.0,0.0,0.0,0.0,0.0,0.0,0.0,0.0,0.0,0.0,0.0,0.0,0.0,0.0,0.0,False,False,0,False,False,False,False
79,301,-0.7202067697048189,61.89715576171875,22.544254879181853,3.2668373584747314,45.0,44,0.31830596923828125,0.011777795553207397,0.0,0.1758994446752663,0.0,0.0,1.0067349433898927,0.0,0.0,0.0,0.0,0.0,0.0,0.0,0.0,0.0,0.0,0.0,0.0,0.0,0.0,0.0,0.0,0.0,0.0,0.0,False,False,0,False,False,False,False
79,302,-0.6354588282108307,61.61673355102539,23.28300237613391,3.0980629920959473,45.0,43,0.33650665283203124,0.012740284204483032,0.0,0.1360197977779503,0.0,0.0,0.9392251968383789,0.0,0.0,0.0,0.0,0.0,0.0,0.0,0.0,0.0,0.0,0.0,0.0,0.0,0.0,0.0,0.0,0.0,0.0,0.0,False,False,0,False,False,False,False
79,303,-0.5399334174394608,61.319801330566406,24.24309287452549,2.9137794971466064,45.0,43,0.35631866455078126,0.010740283131599426,0.0,0.09581907436829762,0.0,0.0,0.8655117988586426,0.0,0.0,0.0,0.0,0.0,0.0,0.0,0.0,0.0,0.0,0.0,0.0,0.0,0.0,0.0,0.0,0.0,0.0,0.0,False,False,0,False,False,False,False
79,304,-0.4530776706337929,61.01166915893555,25.0085970239525,2.7352399826049805,45.0,43,0.36975860595703125,0.00874028354883194,0.0,0.16256143615227894,0.0,0.0,0.7940959930419922,0.0,0.0,0.0,0.0,0.0,0.0,0.0,0.0,0.0,0.0,0.0,0.0,0.0,0.0,0.0,0.0,0.0,0.0,0.0,False,False,0,False,False,False,False
79,305,-0.3638412466645241,60.69241714477539,25.70069046101152,2.5551743507385254,45.0,43,0.3831024169921875,0.004873923361301422,0.0,0.12281196758729175,0.0,0.0,0.7220697402954102,0.0,0.0,0.0,0.0,0.0,0.0,0.0,0.0,0.0,0.0,0.0,0.0,0.0,0.0,0.0,0.0,0.0,0.0,0.0,False,False,0,False,False,False,False
79,306,-0.27865573555231105,60.361610412597656,26.504002676216274,2.3729703426361084,45.0,43,0.39696807861328126,0.006435677111148834,0.0,0.0833952109573479,0.0,0.0,0.6491881370544434,0.0,0.0,0.0,0.0,0.0,0.0,0.0,0.0,0.0,0.0,0.0,0.0,0.0,0.0,0.0,0.0,0.0,0.0,0.0,False,False,0,False,False,False,False
79,307,-0.19440068602561952,60.01871109008789,27.176070583536845,2.1918647289276123,45.0,42,0.41147918701171876,0.009133981466293337,0.0,0.07201245233994678,0.0,0.0,0.5767458915710449,0.0,0.0,0.0,0.0,0.0,0.0,0.0,0.0,0.0,0.0,0.0,0.0,0.0,0.0,0.0,0.0,0.0,0.0,0.0,False,False,0,False,False,False,False
79,308,-0.10774349421262745,59.664634704589844,27.90040032817614,2.0137529373168945,45.0,42,0.42489166259765626,0.007133981883525849,0.0,0.13991674706917956,0.0,0.0,0.5055011749267578,0.0,0.0,0.0,0.0,0.0,0.0,0.0,0.0,0.0,0.0,0.0,0.0,0.0,0.0,1612.4361171557719,0.0,0.0,0.0,0.0,True,False,0,False,False,False,False
79,309,-0.020012120008468675,59.29868698120117,28.65693226768078,1.8367090225219727,45.0,42,0.43913726806640624,0.004465779066085815,0.0,0.10106492803078845,0.0,0.0,0.4346836090087891,0.0,0.0,0.0,0.0,0.0,0.0,0.0,0.0,0.0,0.0,0.0,0.0,0.0,0.0,219.08624422445882,0.0,0.0,0.0,0.0,False,False,0,False,False,False,False
79,310,0.06448559820652001,58.92066192626953,29.381302131800187,1.6618331670761108,45.0,42,0.45363006591796873,0.004411200881004334,0.0,0.06310992166978076,0.0,0.0,0.3647332668304444,0.0,0.0,0.0,0.0,0.0,0.0,0.0,0.0,0.0,0.0,0.0,0.0,0.0,0.0,128.30705127405434,0.0,0.0,0.0,0.0,False,False,0,False,False,False,False
79,311,0.148443329334259,58.531375885009766,30.10102190606073,1.4890941381454468,45.0,42,0.4671432495117187,0.003062264919281006,0.0,0.025760697579204593,0.0,0.0,0.2956376552581787,0.0,0.0,0.0,0.0,0.0,0.0,0.0,0.0,0.0,0.0,0.0,0.0,0.0,0.0,80.45588808132158,0.0,0.0,0.0,0.0,True,False,0,False,False,False,False
79,312,0.22956166610121723,58.131446838378906,30.86185356707668,1.3150125741958618,45.0,42,0.4799148559570312,0.004348160177469254,0.0,0.094228288388073,0.0,0.0,0.22600502967834474,0.0,0.0,0.0,0.0,0.0,0.0,0.0,0.0,0.0,0.0,0.0,0.0,0.0,0.0,62.52274387156199,0.0,0.0,0.0,0.0,True,False,0,False,False,False,False
79,313,0.31163322061300275,57.720462799072266,31.57455522850345,1.1418159008026123,45.0,41,0.49318084716796873,0.004821266233921051,0.0,0.09044621274453357,0.0,0.0,0.15672636032104492,0.0,0.0,0.0,0.0,0.0,0.0,0.0,0.0,0.0,0.0,0.0,0.0,0.0,0.0,49.25799808351138,0.0,0.0,0.0,0.0,True,False,0,False,False,False,False
79,314,0.3193237953156789,57.29724884033203,32.211363767590576,0.9764628410339355,37.732121497392654,41,0.5078567504882813,0.00850899249315262,0.06943882626587551,0.07134991810816718,0.0,0.0,0.09058513641357423,0.0,0.0,0.0,0.0,0.0,0.0,0.0,0.0,0.0,0.0,0.0,0.0,0.0,0.0,47.816277086679115,0.0,0.0,0.0,0.0,True,False,0,False,False,False,False
79,315,0.31564726370280577,56.861995697021484,32.946749695545485,0.817762553691864,45.0,41,0.5223037719726562,0.0065089923143386835,0.15304249447876614,0.05548863218325569,0.0,0.0,0.027105021476745608,0.0,0.0,0.0,0.0,0.0,0.0,0.0,0.0,0.0,0.0,0.0,0.0,0.0,0.0,42.03154906998571,0.0,0.0,0.0,0.0,True,False,0,False,False,False,False
79,316,0.2741356588423808,56.41646957397461,33.696918043569404,0.6567742824554443,45.0,41,0.53463134765625,0.004508991912007332,0.23598669690186183,0.06210633874452351,0.0,0.0,0.0,0.0,0.0,0.0,0.0,0.0,0.0,0.0,0.0,0.0,0.0,0.0,0.0,0.0,0.0,39.65957892359571,0.0,0.0,0.0,0.0,True,False,0,False,False,False,False
79,317,0.19789958405202232,55.96330261230469,34.38264953396236,0.4868134558200836,45.0,41,0.5438003540039062,0.005491007864475251,0.32040976208740873,0.14305122302073434,0.0,0.0,0.0,0.0,0.0,0.0,0.0,0.0,0.0,0.0,0.0,0.0,0.0,0.0,0.0,0.0,0.0,34.85787115730877,0.0,0.0,0.0,0.0,True,False,0,False,False,False,False
79,318,0.11572149353926971,55.505218505859375,35.01042481587643,0.3036385774612427,45.0,41,0.549700927734375,0.006189310550689697,0.4077901236444155,0.1308135263730903,0.0,0.0,0.0,0.0,0.0,0.0,0.0,0.0,0.0,0.0,0.0,0.0,0.0,0.0,0.0,0.0,0.0,32.57348919206368,0.0,0.0,0.0,0.0,False,False,0,False,False,False,False
79,319,0.0354186824977953,55.04071807861328,35.72468281909432,0.11070229858160019,42.585830837488174,40,0.5574005126953124,0.005057108774781227,0.49692472142273586,0.12075228095567463,0.0,0.0,0.0,0.0,0.0,0.0,0.0,0.0,0.0,0.0,0.0,0.0,0.0,0.0,0.0,0.0,0.0,28.251337060834395,0.0,0.0,0.0,0.0,False,False,0,False,False,False,False
79,320,-0.05025164750510845,54.57025909423828,36.36835420100997,0.09208802133798599,45.0,40,0.56455078125,0.007057108730077744,0.5877453200250308,0.2029830966998954,0.0,0.0,0.0,0.0,0.0,0.0,0.0,0.0,0.0,0.0,0.0,0.0,0.0,0.0,0.0,0.0,0.0,24.673484317738573,0.0,0.0,0.0,0.0,False,False,0,False,False,False,False
79,321,-0.13362407167548349,54.09389114379883,37.09318789378971,0.3051955997943878,44.46454256772995,40,0.5716415405273437,0.005057108774781227,0.680208503428046,0.1890822909881492,0.0,0.0,0.0,0.0,0.0,0.0,0.0,0.0,0.0,0.0,0.0,0.0,0.0,0.0,0.0,0.0,0.0,21.289263968772822,0.0,0.0,0.0,0.0,False,False,0,False,False,False,False
79,322,-0.21293328170770795,53.607906341552734,37.79095105854879,0.5198051929473877,41.929302513599396,40,0.5831817626953125,0.004942891225218773,0.7711721531778017,0.17790795565164325,0.0,0.0,0.0,0.0,0.0,0.0,0.0,0.0,0.0,0.0,0.0,0.0,0.0,0.0,0.0,0.0,0.0,19.873671497584542,0.0,0.0,0.0,0.0,False,False,0,False,False,False,False
79,323,-0.28851099548036263,53.11066818237305,38.416704530189406,0.7295020222663879,45.0,39,0.596685791015625,0.006942891031503678,0.8582538954644839,0.2515411917974372,0.0,0.0,0.0,0.0,0.0,0.0,0.0,0.0,0.0,0.0,0.0,0.0,0.0,0.0,0.0,0.0,0.0,19.63803688887678,0.0,0.0,0.0,0.0,False,False,0,False,False,False,False
79,324,-0.4238109977274577,52.601417541503906,39.06231669957294,0.9301654100418091,45.0,38,0.6111007690429687,0.003143676817417145,0.9397019259362857,0.2394760631133933,0.0,0.0,0.07206616401672364,0.0,0.0,0.0,0.0,0.0,0.0,0.0,0.0,0.0,0.0,0.0,0.0,0.0,0.0,20.508964534834945,0.0,0.0,0.0,0.0,False,False,0,False,False,False,False
79,325,-50.535804488334,52.06600570678711,42.47153772319068,1.1237242221832275,45.0,38,0.6424942016601562,0.004784341305494309,1.004024659815375,0.22559048116719957,0.0,0.0,0.14948968887329103,0.0,0.0,0.0,0.0,0.0,0.0,0.0,0.0,0.0,0.0,0.0,0.0,0.0,0.0,14.820355987125762,0.0,0.0,0.0,0.0,False,False,0,False,True,False,False
